ingredient_name,category,supplier,storage_type,quantity_kg,daily_consumption_kg,wastage_history_pct,purchase_date,expiry_date,days_until_expiry,days_of_stock,wastage_risk
Turmeric,Spice,SpiceRoute India,Refrigerated,11.55,3.43,27.07,2026-04-28,2027-01-14 00:00:00.000000,230,3.37,0
Zucchini,Vegetable,FreshFarm Co,Room Temperature,11.32,2.34,1.06,2026-05-29,2026-05-31 00:00:00.000000,2,4.84,1
Garam Masala,Spice,Metro Wholesale,Room Temperature,14.27,4.98,30.35,2026-03-15,2027-04-13 00:00:00.000000,319,2.87,0
Fish,Meat,Metro Wholesale,Dry Storage,5.56,0.91,14.36,2026-05-28,2026-05-31 00:00:00.000000,2,6.11,1
Paneer,Dairy,AgriDirect,Room Temperature,4.4,0.59,25.15,2026-05-28,2026-05-31 00:00:00.000000,2,7.46,1
Milk,Dairy,SpiceRoute India,Frozen,33.23,10.3,39.41,2026-05-29,2026-05-31 00:00:00.000000,2,3.23,1
Orange Juice,Beverage,GreenLeaf Suppliers,Room Temperature,8.55,1.28,26.81,2026-05-24,2026-06-19 00:00:00.000000,21,6.68,0
Turmeric,Spice,AgriDirect,Frozen,23.38,2.6,37.02,2026-05-09,2026-12-30 00:00:00.000000,215,8.99,0
Watermelon,Fruit,FreshFarm Co,Dry Storage,40.35,6.53,2.65,2026-05-29,2026-06-04 00:00:00.000000,6,6.18,0
Lentils,Grain,Metro Wholesale,Dry Storage,44.29,11.42,5.71,2026-05-17,2026-11-02 00:00:00.000000,157,3.88,0
Garam Masala,Spice,SpiceRoute India,Dry Storage,20.27,1.86,39.9,2026-03-16,2027-04-03 00:00:00.000000,309,10.9,0
Tomato,Vegetable,Metro Wholesale,Refrigerated,21.4,0.64,15.26,2026-05-27,2026-06-02 00:00:00.000000,4,33.44,1
Semolina,Grain,SpiceRoute India,Refrigerated,44.3,13.33,30.74,2026-05-08,2026-07-27 00:00:00.000000,59,3.32,0
Cheese,Dairy,Daily Fresh,Frozen,43.85,4.69,20.02,2026-05-27,2026-05-31 00:00:00.000000,2,9.35,1
Capsicum,Vegetable,Metro Wholesale,Frozen,27.2,8.49,21.21,2026-05-29,2026-06-05 00:00:00.000000,7,3.2,1
Cheese,Dairy,FreshFarm Co,Refrigerated,12.35,1.27,22.69,2026-05-28,2026-06-02 00:00:00.000000,4,9.72,1
Red Chilli,Spice,AgriDirect,Refrigerated,33.16,12.56,6.61,2026-05-13,2026-10-30 00:00:00.000000,154,2.64,0
Oats,Grain,AgriDirect,Frozen,15.93,6.34,26.0,2026-05-07,2026-08-18 00:00:00.000000,81,2.51,0
Oats,Grain,Metro Wholesale,Refrigerated,17.24,4.1,9.2,2026-05-27,2026-08-24 00:00:00.000000,87,4.2,0
Tomato,Vegetable,FreshFarm Co,Frozen,4.01,0.46,26.76,2026-05-28,2026-05-31 00:00:00.000000,2,8.72,1
Watermelon,Fruit,Metro Wholesale,Room Temperature,9.93,0.48,17.24,2026-05-26,2026-06-08 00:00:00.000000,10,20.69,0
Chicken,Meat,FreshFarm Co,Refrigerated,40.13,1.84,7.66,2026-05-28,2026-06-02 00:00:00.000000,4,21.81,1
Banana,Fruit,GreenLeaf Suppliers,Frozen,43.79,1.41,32.32,2026-05-28,2026-06-08 00:00:00.000000,10,31.06,1
Tomato,Vegetable,FreshFarm Co,Refrigerated,20.62,4.02,34.59,2026-05-29,2026-06-03 00:00:00.000000,5,5.13,1
Banana,Fruit,Daily Fresh,Refrigerated,14.62,4.1,29.22,2026-05-26,2026-06-05 00:00:00.000000,7,3.57,1
Red Chilli,Spice,Metro Wholesale,Frozen,48.45,11.27,21.69,2026-05-02,2027-01-25 00:00:00.000000,241,4.3,0
Tomato,Vegetable,AgriDirect,Room Temperature,3.32,0.72,34.05,2026-05-29,2026-06-08 00:00:00.000000,10,4.61,0
Onion,Vegetable,FreshFarm Co,Room Temperature,29.93,7.45,16.77,2026-05-27,2026-06-03 00:00:00.000000,5,4.02,0
Semolina,Grain,Metro Wholesale,Dry Storage,13.65,0.8,25.82,2026-05-22,2026-09-16 00:00:00.000000,110,17.06,0
Orange Juice,Beverage,Daily Fresh,Refrigerated,4.13,0.43,10.61,2026-05-28,2026-06-24 00:00:00.000000,26,9.6,0
Onion,Vegetable,GreenLeaf Suppliers,Dry Storage,41.77,11.78,24.47,2026-05-28,2026-06-02 00:00:00.000000,4,3.55,0
Garam Masala,Spice,SpiceRoute India,Refrigerated,5.63,1.99,10.58,2026-03-06,2027-01-27 00:00:00.000000,243,2.83,0
Garam Masala,Spice,GreenLeaf Suppliers,Frozen,10.93,1.56,27.5,2026-03-13,2027-01-18 00:00:00.000000,234,7.01,0
Oats,Grain,FreshFarm Co,Dry Storage,21.47,2.45,0.14,2026-05-09,2026-07-21 00:00:00.000000,53,8.76,0
Coriander Powder,Spice,SpiceRoute India,Frozen,35.43,7.99,4.47,2026-03-20,2027-04-10 00:00:00.000000,316,4.43,0
Cumin,Spice,GreenLeaf Suppliers,Refrigerated,6.81,0.91,35.96,2026-04-04,2026-11-10 00:00:00.000000,165,7.48,0
Orange Juice,Beverage,Metro Wholesale,Dry Storage,33.51,4.81,22.4,2026-05-26,2026-06-26 00:00:00.000000,28,6.97,0
Lentils,Grain,Metro Wholesale,Frozen,40.63,14.34,0.99,2026-05-04,2026-08-08 00:00:00.000000,71,2.83,0
Cheese,Dairy,GreenLeaf Suppliers,Frozen,5.85,2.05,34.34,2026-05-27,2026-06-01 00:00:00.000000,3,2.85,1
Soda,Beverage,GreenLeaf Suppliers,Dry Storage,1.67,0.21,13.13,2026-05-26,2026-06-12 00:00:00.000000,14,7.95,0
Coconut Water,Beverage,SpiceRoute India,Dry Storage,34.14,11.54,13.25,2026-05-23,2026-06-21 00:00:00.000000,23,2.96,1
Curd,Dairy,FreshFarm Co,Dry Storage,22.01,6.44,12.55,2026-05-27,2026-05-31 00:00:00.000000,2,3.42,1
Rice,Grain,AgriDirect,Room Temperature,2.7,0.53,20.8,2026-05-21,2026-08-15 00:00:00.000000,78,5.09,0
Cumin,Spice,Daily Fresh,Dry Storage,46.08,11.52,26.54,2026-03-05,2026-10-01 00:00:00.000000,125,4.0,0
Milk,Dairy,SpiceRoute India,Dry Storage,20.42,3.6950000000000003,5.09,2026-05-28,2026-06-03 00:00:00.000000,5,5.53,1
Mutton,Meat,Daily Fresh,Dry Storage,15.54,1.39,31.43,2026-05-29,2026-06-03 00:00:00.000000,5,11.18,1
Cheese,Dairy,Daily Fresh,Room Temperature,25.8,8.21,38.39,2026-05-29,2026-06-05 00:00:00.000000,7,3.14,1
Turmeric,Spice,AgriDirect,Dry Storage,41.01,12.35,26.91,2026-05-18,2027-02-14 00:00:00.000000,261,3.32,0
Mango,Fruit,FreshFarm Co,Refrigerated,30.76,9.48,18.22,2026-05-26,2026-06-04 00:00:00.000000,6,3.24,0
Wheat Flour,Grain,Daily Fresh,Room Temperature,7.8,4.445,35.71,2026-05-22,2026-10-08 00:00:00.000000,132,1.75,0
Mushroom,Vegetable,Metro Wholesale,Frozen,2.99,0.37,33.93,2026-05-28,2026-06-08 00:00:00.000000,10,8.08,0
Soda,Beverage,Daily Fresh,Dry Storage,41.61,9.16,35.89,2026-05-23,2026-06-24 00:00:00.000000,26,4.54,0
Prawns,Meat,Metro Wholesale,Dry Storage,31.52,3.53,3.1,2026-05-28,2026-06-01 00:00:00.000000,3,8.93,1
Butter,Dairy,AgriDirect,Dry Storage,7.97,1.28,6.11,2026-05-29,2026-05-31 00:00:00.000000,2,6.23,1
Prawns,Meat,AgriDirect,Dry Storage,3.58,1.21,15.58,2026-05-28,2026-06-02 00:00:00.000000,4,2.96,0
Turmeric,Spice,Daily Fresh,Room Temperature,15.28,2.44,35.67,2026-04-14,2026-08-30 00:00:00.000000,93,6.26,0
Lentils,Grain,Daily Fresh,Frozen,22.07,0.35,13.45,2026-05-21,2026-08-23 00:00:00.000000,86,63.06,0
Mutton,Meat,Metro Wholesale,Room Temperature,45.39,10.79,26.52,2026-05-29,2026-06-03 00:00:00.000000,5,4.21,1
Mutton,Meat,Metro Wholesale,Room Temperature,21.415,1.71,13.07,2026-05-28,2026-05-30 00:00:00.000000,1,12.52,1
Fish,Meat,GreenLeaf Suppliers,Room Temperature,1.46,0.36,40.0,2026-05-28,2026-05-30 00:00:00.000000,1,4.06,1
Turmeric,Spice,FreshFarm Co,Refrigerated,42.04,10.49,9.54,2026-05-04,2026-12-31 00:00:00.000000,216,4.01,0
Zucchini,Vegetable,Daily Fresh,Frozen,8.81,2.18,29.92,2026-05-28,2026-06-04 00:00:00.000000,6,4.04,1
Mango Pulp,Beverage,FreshFarm Co,Dry Storage,46.48,10.75,36.32,2026-05-29,2026-06-23 00:00:00.000000,25,4.32,0
Cumin,Spice,AgriDirect,Refrigerated,35.01,4.29,27.37,2026-05-16,2026-12-29 00:00:00.000000,214,8.16,0
Orange Juice,Beverage,AgriDirect,Dry Storage,3.91,1.05,0.51,2026-05-24,2026-06-18 00:00:00.000000,20,3.72,0
Chicken,Meat,GreenLeaf Suppliers,Room Temperature,22.06,6.5,38.62,2026-05-29,2026-06-02 00:00:00.000000,4,3.39,1
Soda,Beverage,Daily Fresh,Room Temperature,16.45,1.69,37.38,2026-05-25,2026-06-28 00:00:00.000000,30,9.73,0
Mutton,Meat,AgriDirect,Room Temperature,17.15,3.44,13.0,2026-05-28,2026-06-03 00:00:00.000000,5,4.99,0
Butter,Dairy,GreenLeaf Suppliers,Dry Storage,44.07,9.84,20.67,2026-05-27,2026-06-04 00:00:00.000000,6,4.48,0
Watermelon,Fruit,Daily Fresh,Room Temperature,34.69,9.0,19.63,2026-05-28,2026-06-09 00:00:00.000000,11,3.85,0
Capsicum,Vegetable,Daily Fresh,Frozen,33.37,4.99,22.14,2026-05-28,2026-06-03 00:00:00.000000,5,6.69,0
Garam Masala,Spice,GreenLeaf Suppliers,Dry Storage,15.68,1.52,28.85,2026-04-25,2027-04-16 00:00:00.000000,322,10.32,0
Garam Masala,Spice,Metro Wholesale,Frozen,14.19,3.39,30.41,2026-03-29,2026-12-15 00:00:00.000000,200,4.19,0
Onion,Vegetable,Metro Wholesale,Dry Storage,15.46,4.41,5.06,2026-05-29,2026-06-05 00:00:00.000000,7,3.51,1
Cabbage,Vegetable,SpiceRoute India,Dry Storage,43.49,8.59,34.91,2026-05-27,2026-06-02 00:00:00.000000,4,5.06,1
Prawns,Meat,GreenLeaf Suppliers,Room Temperature,13.0,4.49,4.56,2026-05-29,2026-05-31 00:00:00.000000,2,2.9,1
Chicken,Meat,Metro Wholesale,Refrigerated,4.72,0.54,22.32,2026-05-28,2026-05-31 00:00:00.000000,2,8.74,1
Chickpeas,Grain,AgriDirect,Frozen,45.47,5.48,23.54,2026-05-15,2026-10-03 00:00:00.000000,127,8.3,0
Chickpeas,Grain,AgriDirect,Refrigerated,38.26,9.61,10.59,2026-04-29,2026-07-23 00:00:00.000000,55,3.98,0
Mango,Fruit,Metro Wholesale,Refrigerated,22.8,5.46,11.65,2026-05-26,2026-06-01 00:00:00.000000,3,4.18,1
Coriander Powder,Spice,FreshFarm Co,Room Temperature,39.5,9.91,26.45,2026-04-26,2026-12-24 00:00:00.000000,209,3.99,0
Chicken,Meat,SpiceRoute India,Frozen,41.42,1.28,6.64,2026-05-28,2026-05-31 00:00:00.000000,2,32.36,1
Garam Masala,Spice,Daily Fresh,Dry Storage,34.59,9.71,37.71,2026-03-31,2026-10-29 00:00:00.000000,153,3.56,0
Prawns,Meat,AgriDirect,Refrigerated,36.86,8.94,1.03,2026-05-28,2026-05-30 00:00:00.000000,1,4.12,1
Garam Masala,Spice,SpiceRoute India,Refrigerated,2.49,0.78,18.82,2026-03-17,2027-01-11 00:00:00.000000,227,3.19,0
Curd,Dairy,SpiceRoute India,Room Temperature,23.77,3.94,12.84,2026-05-29,2026-06-03 00:00:00.000000,5,6.03,0
Apple,Fruit,SpiceRoute India,Room Temperature,33.3,5.39,30.42,2026-05-27,2026-06-08 00:00:00.000000,10,6.18,1
Carrot,Vegetable,GreenLeaf Suppliers,Dry Storage,43.31,14.31,0.05,2026-05-28,2026-06-01 00:00:00.000000,3,3.03,1
Prawns,Meat,Metro Wholesale,Refrigerated,31.32,6.3,17.68,2026-05-28,2026-06-03 00:00:00.000000,5,4.97,0
Milk,Dairy,GreenLeaf Suppliers,Frozen,24.49,0.38,25.2,2026-05-27,2026-06-03 00:00:00.000000,5,64.45,1
Cumin,Spice,AgriDirect,Dry Storage,20.7,1.94,33.66,2026-03-20,2026-09-03 00:00:00.000000,97,10.67,0
Potato,Vegetable,SpiceRoute India,Room Temperature,35.42,5.95,19.3,2026-05-27,2026-06-04 00:00:00.000000,6,5.95,0
Eggs,Meat,Daily Fresh,Frozen,43.27,4.85,31.6,2026-05-29,2026-05-31 00:00:00.000000,2,8.92,1
Coconut Water,Beverage,GreenLeaf Suppliers,Refrigerated,41.96,9.78,26.4,2026-05-25,2026-06-28 00:00:00.000000,30,4.29,0
Eggs,Meat,GreenLeaf Suppliers,Room Temperature,23.04,3.03,7.55,2026-05-28,2026-06-01 00:00:00.000000,3,7.6,1
Oats,Grain,Daily Fresh,Frozen,37.36,10.57,32.46,2026-05-19,2026-07-09 00:00:00.000000,41,3.53,0
Cumin,Spice,FreshFarm Co,Room Temperature,48.29,6.48,4.01,2026-03-26,2026-10-30 00:00:00.000000,154,7.45,0
Cabbage,Vegetable,FreshFarm Co,Room Temperature,43.61,16.92,2.99,2026-05-28,2026-06-02 00:00:00.000000,4,2.58,0
Butter,Dairy,SpiceRoute India,Room Temperature,42.69,14.69,15.2,2026-05-28,2026-05-31 00:00:00.000000,2,2.91,1
Red Chilli,Spice,AgriDirect,Refrigerated,31.74,11.7,39.9,2026-04-29,2026-10-01 00:00:00.000000,125,2.71,0
Chicken,Meat,Daily Fresh,Refrigerated,45.22,0.93,31.85,2026-05-28,2026-05-31 00:00:00.000000,2,48.62,1
Cheese,Dairy,Metro Wholesale,Frozen,25.795,9.06,6.8,2026-05-28,2026-06-04 00:00:00.000000,6,2.85,0
Soda,Beverage,Daily Fresh,Frozen,11.99,3.1,18.38,2026-05-27,2026-06-23 00:00:00.000000,25,3.87,0
Soda,Beverage,SpiceRoute India,Dry Storage,4.16,1.58,39.51,2026-05-27,2026-06-22 00:00:00.000000,24,2.63,0
Fish,Meat,GreenLeaf Suppliers,Room Temperature,42.74,1.91,15.25,2026-05-28,2026-05-31 00:00:00.000000,2,22.38,1
Cream,Dairy,FreshFarm Co,Dry Storage,14.09,3.23,27.43,2026-05-28,2026-06-05 00:00:00.000000,7,4.36,1
Zucchini,Vegetable,GreenLeaf Suppliers,Room Temperature,40.2,3.6,7.61,2026-05-27,2026-06-03 00:00:00.000000,5,11.17,1
Mango Pulp,Beverage,SpiceRoute India,Refrigerated,15.79,2.84,23.18,2026-05-29,2026-06-25 00:00:00.000000,27,5.56,0
Capsicum,Vegetable,SpiceRoute India,Dry Storage,10.44,3.31,35.06,2026-05-29,2026-06-06 00:00:00.000000,8,3.15,0
Semolina,Grain,GreenLeaf Suppliers,Frozen,40.42,12.1,13.55,2026-04-29,2026-09-24 23:14:06.875134,118,3.34,0
Potato,Vegetable,SpiceRoute India,Frozen,18.61,5.91,0.56,2026-05-27,2026-06-06 00:00:00.000000,8,3.15,0
Fish,Meat,AgriDirect,Dry Storage,5.86,0.62,1.0,2026-05-28,2026-06-02 00:00:00.000000,4,9.45,1
Semolina,Grain,SpiceRoute India,Frozen,41.28,15.02,12.09,2026-05-09,2026-07-14 00:00:00.000000,46,2.75,0
Lemon,Fruit,GreenLeaf Suppliers,Refrigerated,5.31,1.9,5.43,2026-05-29,2026-06-08 00:00:00.000000,10,2.79,0
Garam Masala,Spice,AgriDirect,Room Temperature,32.92,10.99,24.63,2026-04-06,2026-11-14 00:00:00.000000,169,3.0,0
Paneer,Dairy,Metro Wholesale,Dry Storage,47.55,16.29,3.97,2026-05-28,2026-06-03 00:00:00.000000,5,2.92,0
Lentils,Grain,FreshFarm Co,Dry Storage,9.9,0.57,33.92,2026-05-21,2026-10-07 00:00:00.000000,131,17.37,0
Cumin,Spice,FreshFarm Co,Refrigerated,49.45,15.59,8.21,2026-04-28,2027-02-13 00:00:00.000000,260,3.17,0
Wheat Flour,Grain,Metro Wholesale,Frozen,7.8,2.82,0.11,2026-05-05,2026-09-20 00:00:00.000000,114,2.77,0
Mango,Fruit,Metro Wholesale,Dry Storage,7.02,1.07,31.54,2026-05-29,2026-06-02 00:00:00.000000,4,6.56,1
Potato,Vegetable,FreshFarm Co,Dry Storage,21.34,1.06,2.54,2026-05-27,2026-06-02 00:00:00.000000,4,20.13,1
Milk,Dairy,Daily Fresh,Refrigerated,47.3,0.92,31.33,2026-05-29,2026-06-04 00:00:00.000000,6,51.41,1
Semolina,Grain,SpiceRoute India,Room Temperature,49.93,16.94,17.05,2026-05-28,2026-07-05 00:00:00.000000,37,2.95,0
Red Chilli,Spice,FreshFarm Co,Refrigerated,7.84,0.48,24.97,2026-03-13,2027-02-07 00:00:00.000000,254,16.33,0
Coriander Powder,Spice,AgriDirect,Room Temperature,22.96,5.6,3.97,2026-04-22,2027-05-25 00:00:00.000000,361,4.1,0
Mango Pulp,Beverage,Daily Fresh,Room Temperature,17.28,3.19,16.64,2026-05-23,2026-06-12 00:00:00.000000,14,5.42,0
Fish,Meat,GreenLeaf Suppliers,Dry Storage,3.82,1.29,3.73,2026-05-28,2026-05-31 00:00:00.000000,2,2.96,1
Coriander Powder,Spice,AgriDirect,Frozen,47.85,10.79,26.8,2026-03-15,2026-09-26 00:00:00.000000,120,4.43,0
Soda,Beverage,GreenLeaf Suppliers,Refrigerated,17.91,4.18,8.51,2026-05-25,2026-06-24 00:00:00.000000,26,4.28,0
Orange,Fruit,GreenLeaf Suppliers,Refrigerated,6.19,0.76,9.05,2026-05-27,2026-06-09 00:00:00.000000,11,8.14,0
Chickpeas,Grain,AgriDirect,Refrigerated,9.43,2.68,12.36,2026-05-29,2026-09-04 00:00:00.000000,98,3.52,0
Potato,Vegetable,AgriDirect,Frozen,7.52,1.94,1.23,2026-05-29,2026-06-06 00:00:00.000000,8,3.88,0
Banana,Fruit,Daily Fresh,Room Temperature,18.82,5.46,31.07,2026-05-28,2026-06-06 00:00:00.000000,8,3.45,0
Tomato,Vegetable,Metro Wholesale,Frozen,4.54,0.86,16.96,2026-05-27,2026-05-31 00:00:00.000000,2,5.28,1
Fish,Meat,AgriDirect,Frozen,21.78,2.54,27.14,2026-05-28,2026-05-30 00:00:00.000000,1,8.57,1
Coriander Powder,Spice,Metro Wholesale,Refrigerated,3.21,0.34,37.81,2026-03-14,2027-03-17 00:00:00.000000,292,9.44,0
Coconut Water,Beverage,GreenLeaf Suppliers,Dry Storage,25.12,4.38,5.17,2026-05-29,2026-06-08 00:00:00.000000,10,5.74,0
Papaya,Fruit,FreshFarm Co,Dry Storage,22.09,4.12,3.11,2026-05-29,2026-06-07 00:00:00.000000,9,5.36,0
Eggs,Meat,SpiceRoute India,Room Temperature,6.2,0.15,12.99,2026-05-28,2026-06-02 00:00:00.000000,4,41.33,1
Oats,Grain,FreshFarm Co,Dry Storage,5.74,1.06,16.02,2026-05-02,2026-10-17 00:00:00.000000,141,5.42,0
Coconut Water,Beverage,Metro Wholesale,Dry Storage,4.28,1.12,21.22,2026-05-27,2026-06-15 00:00:00.000000,17,3.82,0
Coconut Water,Beverage,SpiceRoute India,Dry Storage,12.2,0.8,7.89,2026-05-27,2026-06-25 00:00:00.000000,27,15.25,0
Orange Juice,Beverage,SpiceRoute India,Frozen,37.85,11.53,17.96,2026-05-22,2026-06-20 00:00:00.000000,22,3.28,0
Lentils,Grain,SpiceRoute India,Dry Storage,22.27,4.23,25.26,2026-05-25,2026-09-16 00:00:00.000000,110,5.26,0
Rice,Grain,AgriDirect,Dry Storage,23.36,0.45,14.75,2026-05-20,2026-07-16 00:00:00.000000,48,51.91,0
Turmeric,Spice,Daily Fresh,Room Temperature,45.5,10.45,7.53,2026-04-02,2026-09-17 00:00:00.000000,111,4.35,0
Wheat Flour,Grain,Daily Fresh,Refrigerated,45.01,6.25,28.57,2026-05-04,2026-07-24 00:00:00.000000,56,7.2,0
Lemon,Fruit,SpiceRoute India,Frozen,26.44,6.49,14.56,2026-05-26,2026-06-08 00:00:00.000000,10,4.07,0
Prawns,Meat,SpiceRoute India,Dry Storage,39.57,10.28,2.64,2026-05-29,2026-06-03 00:00:00.000000,5,3.85,0
Red Chilli,Spice,GreenLeaf Suppliers,Dry Storage,4.53,1.24,36.67,2026-04-17,2026-11-11 00:00:00.000000,166,3.65,0
Red Chilli,Spice,AgriDirect,Frozen,28.17,7.29,13.14,2026-04-20,2026-10-09 00:00:00.000000,133,3.86,0
Garam Masala,Spice,SpiceRoute India,Refrigerated,18.41,2.73,7.21,2026-03-25,2027-03-31 00:00:00.000000,306,6.74,0
Soda,Beverage,Metro Wholesale,Frozen,4.32,1.47,4.05,2026-05-27,2026-06-09 00:00:00.000000,11,2.94,0
Orange Juice,Beverage,AgriDirect,Dry Storage,8.14,0.67,27.71,2026-05-23,2026-06-09 00:00:00.000000,11,12.15,0
Watermelon,Fruit,FreshFarm Co,Room Temperature,33.98,3.3,17.77,2026-05-27,2026-06-07 00:00:00.000000,9,10.3,0
Red Chilli,Spice,AgriDirect,Frozen,48.3,15.18,36.16,2026-04-20,2026-12-27 00:00:00.000000,212,3.18,0
Garam Masala,Spice,Daily Fresh,Room Temperature,25.39,4.31,6.48,2026-04-11,2027-01-18 00:00:00.000000,234,5.89,0
Wheat Flour,Grain,FreshFarm Co,Dry Storage,18.87,7.06,28.46,2026-05-02,2026-10-29 00:00:00.000000,153,2.67,0
Capsicum,Vegetable,Metro Wholesale,Refrigerated,45.31,2.76,17.5,2026-05-28,2026-06-04 00:00:00.000000,6,16.42,1
Orange,Fruit,GreenLeaf Suppliers,Room Temperature,3.14,0.68,9.43,2026-05-26,2026-06-01 00:00:00.000000,3,4.62,1
Curd,Dairy,GreenLeaf Suppliers,Refrigerated,32.67,10.36,5.5,2026-05-27,2026-05-31 00:00:00.000000,2,3.15,1
Soda,Beverage,SpiceRoute India,Frozen,30.96,11.23,0.76,2026-05-22,2026-06-20 00:00:00.000000,22,2.76,0
Papaya,Fruit,FreshFarm Co,Room Temperature,15.41,0.39,16.79,2026-05-28,2026-06-05 00:00:00.000000,7,39.51,1
Chicken,Meat,Daily Fresh,Refrigerated,31.78,7.35,28.74,2026-05-29,2026-06-03 00:00:00.000000,5,4.32,1
Zucchini,Vegetable,Metro Wholesale,Dry Storage,33.39,1.23,38.99,2026-05-29,2026-06-06 00:00:00.000000,8,27.15,1
Chickpeas,Grain,Daily Fresh,Refrigerated,31.97,12.55,10.15,2026-05-28,2026-10-26 00:00:00.000000,150,2.55,1
Orange Juice,Beverage,Metro Wholesale,Dry Storage,38.69,11.4,13.3,2026-05-28,2026-06-28 00:00:00.000000,30,3.39,1
Semolina,Grain,SpiceRoute India,Frozen,24.19,1.85,5.39,2026-05-07,2026-10-24 00:00:00.000000,148,13.08,0
Chicken,Meat,Metro Wholesale,Dry Storage,44.35,5.67,12.4,2026-05-29,2026-05-30 00:00:00.000000,1,7.82,1
Soda,Beverage,FreshFarm Co,Dry Storage,14.66,5.07,1.91,2026-05-26,2026-06-25 00:00:00.000000,27,2.89,0
Paneer,Dairy,Daily Fresh,Dry Storage,22.27,3.6950000000000003,13.56,2026-05-27,2026-06-03 00:00:00.000000,5,6.03,0
Red Chilli,Spice,AgriDirect,Dry Storage,36.49,1.24,24.1,2026-05-19,2027-01-10 00:00:00.000000,226,29.43,0
Semolina,Grain,FreshFarm Co,Dry Storage,33.22,4.14,24.1,2026-05-19,2026-07-18 00:00:00.000000,50,8.02,0
Red Chilli,Spice,Daily Fresh,Dry Storage,30.94,5.44,25.58,2026-04-14,2026-09-17 00:00:00.000000,111,5.69,0
Spinach,Vegetable,GreenLeaf Suppliers,Room Temperature,34.13,13.01,5.71,2026-05-27,2026-06-08 00:00:00.000000,10,2.62,0
Soda,Beverage,Metro Wholesale,Refrigerated,39.04,5.78,15.31,2026-05-26,2026-06-07 00:00:00.000000,9,6.75,0
Wheat Flour,Grain,GreenLeaf Suppliers,Room Temperature,38.27,8.83,21.18,2026-05-15,2026-10-01 00:00:00.000000,125,4.33,0
Coriander Powder,Spice,FreshFarm Co,Frozen,25.2,3.96,22.47,2026-05-06,2026-09-09 00:00:00.000000,103,6.36,0
Cream,Dairy,Metro Wholesale,Room Temperature,34.85,13.92,8.01,2026-05-28,2026-06-04 00:00:00.000000,6,2.5,0
Broccoli,Vegetable,SpiceRoute India,Frozen,40.62,15.72,39.46,2026-05-29,2026-06-07 00:00:00.000000,9,2.58,0
Turmeric,Spice,GreenLeaf Suppliers,Dry Storage,46.4,11.87,31.75,2026-02-28,2026-11-15 00:00:00.000000,170,3.91,0
Onion,Vegetable,Metro Wholesale,Frozen,18.36,4.25,18.7,2026-05-29,2026-06-07 00:00:00.000000,9,4.32,0
Papaya,Fruit,FreshFarm Co,Refrigerated,49.98,14.4,21.03,2026-05-26,2026-06-05 00:00:00.000000,7,3.47,0
Orange Juice,Beverage,GreenLeaf Suppliers,Frozen,22.77,6.23,13.78,2026-05-28,2026-06-25 00:00:00.000000,27,3.65,0
Mango Pulp,Beverage,Daily Fresh,Frozen,41.65,8.68,12.16,2026-05-29,2026-06-21 00:00:00.000000,23,4.8,0
Cumin,Spice,AgriDirect,Dry Storage,12.9,3.31,22.03,2026-05-19,2027-01-19 00:00:00.000000,235,3.9,0
Milk,Dairy,AgriDirect,Refrigerated,29.79,6.96,6.85,2026-05-29,2026-06-05 00:00:00.000000,7,4.28,0
Semolina,Grain,FreshFarm Co,Refrigerated,47.45,14.66,10.59,2026-05-28,2026-07-18 00:00:00.000000,50,3.24,0
Oats,Grain,Daily Fresh,Refrigerated,32.27,3.97,9.8,2026-05-20,2026-11-14 00:00:00.000000,169,8.13,0
Fish,Meat,FreshFarm Co,Room Temperature,22.26,4.36,8.16,2026-05-29,2026-05-30 00:00:00.000000,1,5.11,1
Cream,Dairy,SpiceRoute India,Dry Storage,6.97,1.1,22.47,2026-05-28,2026-06-02 00:00:00.000000,4,6.34,1
Chicken,Meat,Daily Fresh,Dry Storage,5.29,0.69,15.37,2026-05-29,2026-05-31 00:00:00.000000,2,7.67,1
Orange,Fruit,GreenLeaf Suppliers,Frozen,9.9,0.72,39.84,2026-05-27,2026-06-10 00:00:00.000000,12,13.75,0
Cheese,Dairy,FreshFarm Co,Refrigerated,23.13,2.3,23.33,2026-05-27,2026-06-03 00:00:00.000000,5,10.06,0
Cheese,Dairy,GreenLeaf Suppliers,Room Temperature,42.44,7.37,35.3,2026-05-29,2026-06-04 00:00:00.000000,6,5.76,1
Soda,Beverage,FreshFarm Co,Dry Storage,28.73,2.32,22.13,2026-05-29,2026-06-17 00:00:00.000000,19,12.38,0
Oats,Grain,AgriDirect,Dry Storage,48.77,7.74,31.8,2026-05-25,2026-07-28 00:00:00.000000,60,6.3,0
Curd,Dairy,AgriDirect,Frozen,25.25,0.55,5.48,2026-05-28,2026-06-04 00:00:00.000000,6,45.91,1
Eggs,Meat,Metro Wholesale,Room Temperature,16.73,4.14,6.5,2026-05-29,2026-06-03 00:00:00.000000,5,4.04,0
Coriander Powder,Spice,AgriDirect,Dry Storage,24.75,5.62,19.0,2026-03-22,2027-05-14 00:00:00.000000,350,4.4,1
Cream,Dairy,Daily Fresh,Refrigerated,39.94,11.62,27.52,2026-05-28,2026-06-04 00:00:00.000000,6,3.44,0
Fish,Meat,SpiceRoute India,Frozen,8.94,2.29,24.79,2026-05-28,2026-05-30 00:00:00.000000,1,3.9,1
Orange,Fruit,FreshFarm Co,Frozen,9.94,1.81,16.75,2026-05-29,2026-06-10 00:00:00.000000,12,5.49,0
Banana,Fruit,SpiceRoute India,Room Temperature,35.44,7.4,22.44,2026-05-29,2026-06-12 00:00:00.000000,14,4.79,0
Eggs,Meat,GreenLeaf Suppliers,Room Temperature,45.65,6.32,14.17,2026-05-28,2026-05-31 00:00:00.000000,2,7.22,1
Coriander Powder,Spice,Metro Wholesale,Room Temperature,28.13,2.61,38.92,2026-04-24,2026-12-31 00:00:00.000000,216,10.78,0
Cream,Dairy,SpiceRoute India,Frozen,16.19,2.32,37.35,2026-05-28,2026-06-05 00:00:00.000000,7,6.98,1
Butter,Dairy,AgriDirect,Refrigerated,19.29,7.56,32.74,2026-05-27,2026-06-05 00:00:00.000000,7,2.55,1
Mango Pulp,Beverage,FreshFarm Co,Dry Storage,17.64,3.18,10.26,2026-05-28,2026-06-14 00:00:00.000000,16,5.55,0
Orange,Fruit,AgriDirect,Dry Storage,7.3,1.84,23.47,2026-05-27,2026-06-12 00:00:00.000000,14,3.97,0
Garam Masala,Spice,SpiceRoute India,Frozen,5.46,0.79,18.9,2026-05-23,2026-12-24 00:00:00.000000,209,6.91,0
Lemon,Fruit,Daily Fresh,Frozen,24.13,2.01,38.56,2026-05-26,2026-06-11 00:00:00.000000,13,12.0,0
Turmeric,Spice,SpiceRoute India,Refrigerated,37.06,12.62,1.49,2026-03-22,2026-12-23 00:00:00.000000,208,2.94,0
Mutton,Meat,Daily Fresh,Refrigerated,46.86,18.04,37.04,2026-05-29,2026-06-02 00:00:00.000000,4,2.6,1
Capsicum,Vegetable,GreenLeaf Suppliers,Refrigerated,49.46,10.79,19.76,2026-05-28,2026-06-04 00:00:00.000000,6,4.58,0
Soda,Beverage,Metro Wholesale,Dry Storage,8.54,1.62,10.29,2026-05-24,2026-06-08 00:00:00.000000,10,5.27,0
Coriander Powder,Spice,AgriDirect,Dry Storage,30.74,7.89,16.22,2026-05-07,2026-12-03 00:00:00.000000,188,3.9,0
Paneer,Dairy,SpiceRoute India,Room Temperature,49.09,9.43,37.43,2026-05-29,2026-05-31 00:00:00.000000,2,5.21,0
Mutton,Meat,GreenLeaf Suppliers,Room Temperature,29.33,6.76,10.46,2026-05-28,2026-06-01 00:00:00.000000,3,4.34,1
Lemon,Fruit,Daily Fresh,Refrigerated,20.57,4.18,35.8,2026-05-28,2026-06-05 00:00:00.000000,7,4.92,1
Cream,Dairy,SpiceRoute India,Refrigerated,30.92,2.79,5.34,2026-05-28,2026-06-02 00:00:00.000000,4,11.08,1
Garam Masala,Spice,Daily Fresh,Dry Storage,40.2,13.29,30.47,2026-03-22,2027-04-25 00:00:00.000000,331,3.02,0
Rice,Grain,AgriDirect,Room Temperature,45.9,2.15,33.15,2026-05-27,2026-09-28 00:00:00.000000,122,21.35,0
Papaya,Fruit,Metro Wholesale,Frozen,6.25,0.59,23.33,2026-05-26,2026-06-06 00:00:00.000000,8,10.59,0
Oats,Grain,Daily Fresh,Refrigerated,21.06,4.79,22.35,2026-05-13,2026-07-31 00:00:00.000000,63,4.4,0
Cream,Dairy,Daily Fresh,Refrigerated,37.42,8.7,1.81,2026-05-29,2026-06-02 00:00:00.000000,4,4.3,0
Cabbage,Vegetable,FreshFarm Co,Refrigerated,14.71,1.14,5.42,2026-05-29,2026-06-07 00:00:00.000000,9,12.9,0
Red Chilli,Spice,Daily Fresh,Dry Storage,19.09,5.25,26.47,2026-04-11,2027-04-13 00:00:00.000000,319,3.64,0
Coriander Powder,Spice,Metro Wholesale,Refrigerated,26.68,7.79,8.91,2026-04-09,2027-05-29 00:00:00.000000,365,3.42,1
Capsicum,Vegetable,SpiceRoute India,Room Temperature,26.83,8.85,9.9,2026-05-28,2026-06-08 00:00:00.000000,10,3.03,0
Curd,Dairy,FreshFarm Co,Refrigerated,30.94,11.59,35.56,2026-05-28,2026-06-05 00:00:00.000000,7,2.67,1
Spinach,Vegetable,Daily Fresh,Refrigerated,37.16,6.04,9.37,2026-05-29,2026-05-31 00:00:00.000000,2,6.15,1
Orange Juice,Beverage,AgriDirect,Frozen,40.88,11.99,12.76,2026-05-26,2026-06-14 00:00:00.000000,16,3.41,0
Coriander Powder,Spice,GreenLeaf Suppliers,Frozen,26.3,4.41,11.01,2026-03-06,2026-11-08 00:00:00.000000,163,5.96,0
Lentils,Grain,SpiceRoute India,Frozen,25.03,9.74,37.66,2026-05-12,2026-10-15 00:00:00.000000,139,2.57,0
Coconut Water,Beverage,Daily Fresh,Room Temperature,19.13,5.8,18.94,2026-05-25,2026-06-09 00:00:00.000000,11,3.3,0
Cream,Dairy,Daily Fresh,Frozen,20.93,3.55,21.2,2026-05-27,2026-05-31 00:00:00.000000,2,5.9,1
Curd,Dairy,SpiceRoute India,Dry Storage,42.43,1.66,28.98,2026-05-28,2026-05-31 00:00:00.000000,2,25.56,1
Cheese,Dairy,FreshFarm Co,Refrigerated,36.35,8.17,19.18,2026-05-27,2026-06-01 00:00:00.000000,3,4.45,1
Butter,Dairy,Metro Wholesale,Refrigerated,6.31,2.52,19.16,2026-05-27,2026-06-01 00:00:00.000000,3,2.5,1
Lentils,Grain,Daily Fresh,Frozen,16.42,4.445,18.65,2026-05-12,2026-08-28 00:00:00.000000,91,3.69,0
Butter,Dairy,AgriDirect,Dry Storage,5.38,2.11,18.78,2026-05-28,2026-06-03 00:00:00.000000,5,2.55,0
Apple,Fruit,Daily Fresh,Dry Storage,37.19,0.34,22.13,2026-05-28,2026-06-01 00:00:00.000000,3,109.38,1
Red Chilli,Spice,Metro Wholesale,Dry Storage,11.89,2.75,9.83,2026-04-17,2026-12-05 00:00:00.000000,190,4.32,0
Coriander Powder,Spice,Daily Fresh,Dry Storage,8.83,2.83,6.77,2026-04-01,2027-05-05 00:00:00.000000,341,3.12,0
Mutton,Meat,AgriDirect,Refrigerated,47.29,12.67,30.57,2026-05-29,2026-05-30 00:00:00.000000,1,3.73,1
Mango Pulp,Beverage,SpiceRoute India,Refrigerated,11.33,2.12,2.42,2026-05-29,2026-06-09 00:00:00.000000,11,5.34,0
Oats,Grain,FreshFarm Co,Room Temperature,27.81,0.23,21.18,2026-05-12,2026-06-29 00:00:00.000000,31,120.91,0
Paneer,Dairy,Metro Wholesale,Room Temperature,26.46,2.63,24.79,2026-05-29,2026-05-31 00:00:00.000000,2,10.06,1
Butter,Dairy,FreshFarm Co,Room Temperature,23.22,2.33,27.89,2026-05-28,2026-06-02 00:00:00.000000,4,9.97,1
Orange Juice,Beverage,FreshFarm Co,Refrigerated,19.17,3.7,25.47,2026-05-23,2026-06-17 00:00:00.000000,19,5.18,0
Broccoli,Vegetable,SpiceRoute India,Room Temperature,48.88,19.04,35.79,2026-05-27,2026-06-05 00:00:00.000000,7,2.57,1
Mango,Fruit,GreenLeaf Suppliers,Room Temperature,34.38,3.93,21.72,2026-05-29,2026-06-01 00:00:00.000000,3,8.75,1
Orange,Fruit,FreshFarm Co,Dry Storage,37.74,10.79,15.93,2026-05-28,2026-06-04 00:00:00.000000,6,3.5,0
Papaya,Fruit,AgriDirect,Frozen,19.5,5.8,31.62,2026-05-27,2026-06-07 00:00:00.000000,9,3.36,0
Cabbage,Vegetable,FreshFarm Co,Dry Storage,11.99,0.46,24.21,2026-05-28,2026-06-01 00:00:00.000000,3,26.07,1
Oats,Grain,FreshFarm Co,Dry Storage,49.63,9.79,14.23,2026-05-04,2026-09-05 00:00:00.000000,99,5.07,0
Mutton,Meat,FreshFarm Co,Room Temperature,40.0,11.44,3.28,2026-05-28,2026-06-03 00:00:00.000000,5,3.5,0
Cumin,Spice,GreenLeaf Suppliers,Room Temperature,5.03,1.9,17.79,2026-05-16,2027-02-27 00:00:00.000000,274,2.65,0
Potato,Vegetable,Metro Wholesale,Refrigerated,28.07,5.8,4.13,2026-05-28,2026-06-06 00:00:00.000000,8,4.84,0
Rice,Grain,Daily Fresh,Dry Storage,20.98,6.56,28.99,2026-05-20,2026-07-01 00:00:00.000000,33,3.2,0
Papaya,Fruit,SpiceRoute India,Frozen,7.37,0.96,19.72,2026-05-28,2026-06-07 00:00:00.000000,9,7.68,0
Fish,Meat,GreenLeaf Suppliers,Room Temperature,18.38,6.95,28.84,2026-05-29,2026-06-02 00:00:00.000000,4,2.64,1
Wheat Flour,Grain,FreshFarm Co,Room Temperature,0.83,0.19,33.66,2026-05-20,2026-08-01 00:00:00.000000,64,4.37,0
Coconut Water,Beverage,GreenLeaf Suppliers,Room Temperature,15.37,3.75,27.81,2026-05-27,2026-06-18 00:00:00.000000,20,4.1,0
Banana,Fruit,GreenLeaf Suppliers,Dry Storage,48.4,15.16,13.04,2026-05-26,2026-06-12 00:00:00.000000,14,3.19,0
Soda,Beverage,FreshFarm Co,Dry Storage,29.82,6.55,27.27,2026-05-26,2026-06-23 00:00:00.000000,25,4.55,0
Red Chilli,Spice,Daily Fresh,Frozen,3.92,1.34,31.8,2026-03-02,2027-01-23 00:00:00.000000,239,2.93,0
Watermelon,Fruit,Metro Wholesale,Dry Storage,35.9,11.35,2.96,2026-05-28,2026-06-05 00:00:00.000000,7,3.16,0
Eggs,Meat,AgriDirect,Room Temperature,27.41,8.69,14.38,2026-05-28,2026-06-03 00:00:00.000000,5,3.15,0
Chickpeas,Grain,FreshFarm Co,Refrigerated,33.4,2.31,24.51,2026-05-08,2026-08-30 00:00:00.000000,93,14.46,0
Red Chilli,Spice,Daily Fresh,Dry Storage,5.38,0.56,29.87,2026-05-28,2026-10-20 00:00:00.000000,144,9.61,0
Garam Masala,Spice,Daily Fresh,Frozen,23.42,6.4,27.62,2026-04-09,2027-03-06 00:00:00.000000,281,3.66,0
Broccoli,Vegetable,GreenLeaf Suppliers,Refrigerated,6.25,2.36,5.67,2026-05-29,2026-06-06 00:00:00.000000,8,2.65,0
Mutton,Meat,GreenLeaf Suppliers,Room Temperature,22.19,6.21,12.76,2026-05-29,2026-06-02 00:00:00.000000,4,3.57,0
Orange Juice,Beverage,GreenLeaf Suppliers,Refrigerated,34.02,2.32,39.36,2026-05-28,2026-06-25 00:00:00.000000,27,14.66,0
Papaya,Fruit,GreenLeaf Suppliers,Frozen,47.94,4.52,16.2,2026-05-26,2026-06-09 00:00:00.000000,11,10.61,0
Red Chilli,Spice,FreshFarm Co,Room Temperature,29.81,4.7,28.19,2026-04-02,2027-01-18 23:14:06.875134,234,6.34,0
Orange Juice,Beverage,AgriDirect,Refrigerated,16.64,3.1,10.49,2026-05-24,2026-06-10 00:00:00.000000,12,5.37,0
Lentils,Grain,AgriDirect,Dry Storage,19.93,1.0,14.08,2026-05-10,2026-10-05 00:00:00.000000,129,19.93,0
Orange,Fruit,AgriDirect,Dry Storage,33.77,4.3,9.54,2026-05-29,2026-06-10 00:00:00.000000,12,7.85,0
Cream,Dairy,AgriDirect,Frozen,30.02,6.94,16.92,2026-05-28,2026-06-03 00:00:00.000000,5,4.33,0
Lentils,Grain,AgriDirect,Frozen,14.8,1.19,33.68,2026-05-14,2026-08-09 00:00:00.000000,72,12.44,0
Coconut Water,Beverage,Daily Fresh,Refrigerated,40.85,15.75,20.22,2026-05-26,2026-06-09 00:00:00.000000,11,2.59,0
Red Chilli,Spice,SpiceRoute India,Room Temperature,8.78,2.03,31.84,2026-03-28,2027-04-11 00:00:00.000000,317,4.33,0
Capsicum,Vegetable,AgriDirect,Frozen,39.15,8.9,30.9,2026-05-29,2026-06-04 00:00:00.000000,6,4.4,1
Rice,Grain,GreenLeaf Suppliers,Refrigerated,49.55,10.79,30.27,2026-05-03,2026-11-14 00:00:00.000000,169,4.59,0
Eggs,Meat,Daily Fresh,Frozen,15.24,6.09,17.99,2026-05-29,2026-05-30 00:00:00.000000,1,2.5,1
Orange Juice,Beverage,FreshFarm Co,Room Temperature,40.63,9.6,14.03,2026-05-26,2026-06-12 00:00:00.000000,14,4.23,0
Red Chilli,Spice,AgriDirect,Frozen,40.77,13.15,22.8,2026-05-03,2026-11-06 00:00:00.000000,161,3.1,0
Chickpeas,Grain,GreenLeaf Suppliers,Frozen,28.85,11.0,20.58,2026-05-20,2026-09-10 00:00:00.000000,104,2.62,0
Orange Juice,Beverage,Daily Fresh,Frozen,43.42,2.29,34.64,2026-05-25,2026-06-06 00:00:00.000000,8,18.96,1
Coriander Powder,Spice,SpiceRoute India,Frozen,7.54,1.94,25.11,2026-03-28,2027-03-16 00:00:00.000000,291,3.89,0
Spinach,Vegetable,AgriDirect,Room Temperature,46.85,6.98,38.01,2026-05-27,2026-06-04 00:00:00.000000,6,6.71,1
Spinach,Vegetable,SpiceRoute India,Room Temperature,39.89,6.41,38.73,2026-05-29,2026-06-05 00:00:00.000000,7,6.22,1
Fish,Meat,GreenLeaf Suppliers,Dry Storage,28.52,5.59,13.75,2026-05-29,2026-06-01 00:00:00.000000,3,5.1,1
Tomato,Vegetable,SpiceRoute India,Refrigerated,6.65,2.3,17.65,2026-05-29,2026-06-07 00:00:00.000000,9,2.89,1
Mutton,Meat,SpiceRoute India,Frozen,43.78,15.36,3.73,2026-05-29,2026-06-01 00:00:00.000000,3,2.85,1
Carrot,Vegetable,FreshFarm Co,Frozen,15.62,4.4,9.37,2026-05-27,2026-06-06 00:00:00.000000,8,3.55,0
Turmeric,Spice,Metro Wholesale,Refrigerated,7.07,0.72,27.2,2026-05-20,2027-04-28 00:00:00.000000,334,9.82,1
Coriander Powder,Spice,Daily Fresh,Refrigerated,4.01,0.68,29.23,2026-03-29,2026-11-02 00:00:00.000000,157,5.9,0
Butter,Dairy,Metro Wholesale,Dry Storage,32.26,8.77,2.74,2026-05-29,2026-06-03 00:00:00.000000,5,3.68,0
Lentils,Grain,Daily Fresh,Frozen,11.05,3.33,36.8,2026-05-06,2026-09-25 00:00:00.000000,119,3.32,0
Mutton,Meat,FreshFarm Co,Refrigerated,29.68,4.62,38.53,2026-05-29,2026-05-31 00:00:00.000000,2,6.42,1
Mango,Fruit,SpiceRoute India,Dry Storage,27.89,6.73,24.3,2026-05-28,2026-06-02 00:00:00.000000,4,4.14,0
Turmeric,Spice,Metro Wholesale,Dry Storage,25.72,7.72,11.82,2026-03-13,2027-05-19 00:00:00.000000,355,3.33,0
Mango Pulp,Beverage,Daily Fresh,Room Temperature,25.23,6.03,21.13,2026-05-26,2026-06-08 00:00:00.000000,10,4.18,0
Butter,Dairy,Daily Fresh,Frozen,18.59,5.11,30.51,2026-05-28,2026-06-04 00:00:00.000000,6,3.64,1
Orange Juice,Beverage,AgriDirect,Refrigerated,13.48,0.31,2.42,2026-05-29,2026-06-07 00:00:00.000000,9,43.48,0
Semolina,Grain,Daily Fresh,Room Temperature,32.21,6.97,6.11,2026-05-27,2026-10-08 00:00:00.000000,132,4.62,0
Cabbage,Vegetable,Metro Wholesale,Frozen,19.84,5.07,33.38,2026-05-28,2026-06-08 00:00:00.000000,10,3.91,0
Capsicum,Vegetable,SpiceRoute India,Room Temperature,12.6,4.67,4.64,2026-05-29,2026-06-03 00:00:00.000000,5,2.7,0
Capsicum,Vegetable,FreshFarm Co,Frozen,7.29,0.13,19.86,2026-05-27,2026-05-31 00:00:00.000000,2,56.08,1
Lentils,Grain,Metro Wholesale,Dry Storage,37.61,13.15,29.32,2026-05-25,2026-10-01 00:00:00.000000,125,2.86,0
Carrot,Vegetable,GreenLeaf Suppliers,Room Temperature,13.52,5.28,25.1,2026-05-29,2026-06-08 00:00:00.000000,10,2.56,0
Semolina,Grain,Daily Fresh,Refrigerated,18.7,1.98,4.12,2026-05-24,2026-11-20 00:00:00.000000,175,9.44,0
Turmeric,Spice,SpiceRoute India,Frozen,2.68,0.94,9.78,2026-05-29,2027-05-14 00:00:00.000000,350,2.85,0
Mutton,Meat,FreshFarm Co,Frozen,11.61,1.23,36.63,2026-05-28,2026-06-03 00:00:00.000000,5,9.44,1
Orange Juice,Beverage,FreshFarm Co,Dry Storage,9.38,3.04,39.26,2026-05-29,2026-06-21 00:00:00.000000,23,3.09,0
Broccoli,Vegetable,GreenLeaf Suppliers,Dry Storage,27.88,0.19,8.03,2026-05-29,2026-06-05 00:00:00.000000,7,146.74,1
Cream,Dairy,Daily Fresh,Frozen,48.61,19.4,31.04,2026-05-27,2026-06-02 00:00:00.000000,4,2.51,1
Wheat Flour,Grain,FreshFarm Co,Frozen,12.03,1.73,33.58,2026-05-29,2026-10-10 00:00:00.000000,134,6.95,0
Paneer,Dairy,SpiceRoute India,Room Temperature,5.65,1.24,9.53,2026-05-28,2026-06-05 00:00:00.000000,7,4.56,0
Potato,Vegetable,FreshFarm Co,Dry Storage,25.68,9.39,28.03,2026-05-29,2026-05-31 00:00:00.000000,2,2.73,1
Turmeric,Spice,AgriDirect,Refrigerated,41.09,1.32,22.71,2026-03-09,2026-11-03 00:00:00.000000,158,31.13,0
Mango,Fruit,GreenLeaf Suppliers,Dry Storage,35.19,10.38,12.72,2026-05-26,2026-06-06 00:00:00.000000,8,3.39,0
Onion,Vegetable,AgriDirect,Frozen,5.73,1.09,12.56,2026-05-29,2026-06-01 00:00:00.000000,3,5.26,1
Curd,Dairy,GreenLeaf Suppliers,Room Temperature,42.7,1.64,32.3,2026-05-28,2026-06-03 00:00:00.000000,5,26.04,1
Garam Masala,Spice,Metro Wholesale,Refrigerated,5.02,0.57,14.23,2026-05-11,2027-02-10 00:00:00.000000,257,8.81,0
Coriander Powder,Spice,Metro Wholesale,Dry Storage,42.8,9.56,22.0,2026-04-08,2026-09-11 00:00:00.000000,105,4.48,0
Potato,Vegetable,FreshFarm Co,Refrigerated,6.97,2.31,14.89,2026-05-29,2026-05-31 00:00:00.000000,2,3.02,1
Turmeric,Spice,FreshFarm Co,Dry Storage,10.29,2.69,32.37,2026-05-21,2026-09-07 00:00:00.000000,101,3.83,0
Coconut Water,Beverage,FreshFarm Co,Refrigerated,8.82,2.07,32.87,2026-05-29,2026-06-19 00:00:00.000000,21,4.26,0
Mushroom,Vegetable,Metro Wholesale,Room Temperature,45.46,5.07,17.84,2026-05-29,2026-06-05 00:00:00.000000,7,8.97,0
Chickpeas,Grain,SpiceRoute India,Frozen,20.89,4.65,2.44,2026-05-14,2026-09-11 00:00:00.000000,105,4.49,0
Banana,Fruit,SpiceRoute India,Frozen,31.72,10.2,31.79,2026-05-28,2026-06-09 00:00:00.000000,11,3.11,0
Coconut Water,Beverage,AgriDirect,Room Temperature,45.68,9.23,15.54,2026-05-24,2026-06-20 00:00:00.000000,22,4.95,0
Milk,Dairy,FreshFarm Co,Frozen,40.53,7.7,14.3,2026-05-29,2026-06-02 00:00:00.000000,4,5.26,0
Mango,Fruit,Metro Wholesale,Refrigerated,13.69,4.49,36.69,2026-05-28,2026-06-11 00:00:00.000000,13,3.05,0
Papaya,Fruit,GreenLeaf Suppliers,Room Temperature,12.21,1.62,29.52,2026-05-28,2026-06-03 00:00:00.000000,5,7.54,1
Rice,Grain,AgriDirect,Dry Storage,28.37,2.22,39.52,2026-05-25,2026-11-19 00:00:00.000000,174,12.78,0
Eggs,Meat,Metro Wholesale,Dry Storage,4.97,0.54,8.75,2026-05-29,2026-06-02 00:00:00.000000,4,9.2,1
Carrot,Vegetable,Metro Wholesale,Frozen,9.28,3.0,34.73,2026-05-27,2026-06-05 00:00:00.000000,7,3.09,1
Papaya,Fruit,FreshFarm Co,Frozen,48.05,7.24,37.68,2026-05-27,2026-06-09 00:00:00.000000,11,6.64,0
Carrot,Vegetable,GreenLeaf Suppliers,Dry Storage,36.75,6.48,25.57,2026-05-29,2026-06-04 11:14:06.875134,6,5.67,1
Curd,Dairy,Metro Wholesale,Dry Storage,40.82,6.24,29.36,2026-05-27,2026-06-05 00:00:00.000000,7,6.54,1
Watermelon,Fruit,SpiceRoute India,Refrigerated,42.61,13.16,22.7,2026-05-26,2026-06-10 00:00:00.000000,12,3.24,0
Milk,Dairy,SpiceRoute India,Frozen,46.87,2.72,29.81,2026-05-29,2026-06-04 00:00:00.000000,6,17.23,1
Curd,Dairy,SpiceRoute India,Refrigerated,36.6,4.98,0.46,2026-05-27,2026-06-05 00:00:00.000000,7,7.35,0
Turmeric,Spice,GreenLeaf Suppliers,Dry Storage,2.88,0.56,16.79,2026-05-29,2026-10-21 00:00:00.000000,145,5.14,0
Prawns,Meat,GreenLeaf Suppliers,Room Temperature,5.52,1.11,34.56,2026-05-28,2026-06-03 00:00:00.000000,5,4.97,1
Cumin,Spice,Daily Fresh,Frozen,15.1,1.99,38.07,2026-05-25,2026-10-03 00:00:00.000000,127,7.59,0
Banana,Fruit,SpiceRoute India,Frozen,17.23,6.79,35.73,2026-05-29,2026-06-02 00:00:00.000000,4,2.54,1
Mutton,Meat,Metro Wholesale,Room Temperature,16.89,6.59,16.37,2026-05-29,2026-05-30 00:00:00.000000,1,2.56,1
Garam Masala,Spice,SpiceRoute India,Dry Storage,12.26,0.34,22.87,2026-04-21,2027-01-18 00:00:00.000000,234,36.06,0
Lemon,Fruit,FreshFarm Co,Dry Storage,15.08,4.03,24.01,2026-05-29,2026-06-07 00:00:00.000000,9,3.74,0
Onion,Vegetable,SpiceRoute India,Frozen,23.94,1.19,31.4,2026-05-29,2026-06-04 00:00:00.000000,6,20.12,1
Coriander Powder,Spice,SpiceRoute India,Refrigerated,18.87,2.94,7.46,2026-05-06,2027-03-13 00:00:00.000000,288,6.42,1
Prawns,Meat,Metro Wholesale,Dry Storage,7.98,2.25,3.87,2026-05-29,2026-06-01 11:14:06.875134,3,3.55,1
Soda,Beverage,AgriDirect,Frozen,41.01,6.93,21.42,2026-05-23,2026-06-06 00:00:00.000000,8,5.92,0
Eggs,Meat,Daily Fresh,Frozen,20.04,6.86,1.39,2026-05-29,2026-06-01 00:00:00.000000,3,2.92,1
Chickpeas,Grain,FreshFarm Co,Frozen,47.48,3.26,8.48,2026-05-24,2026-10-20 00:00:00.000000,144,14.56,0
Turmeric,Spice,Daily Fresh,Refrigerated,16.64,1.91,18.33,2026-03-20,2027-03-18 00:00:00.000000,293,8.71,0
Soda,Beverage,Daily Fresh,Refrigerated,28.55,6.7,38.59,2026-05-27,2026-06-09 00:00:00.000000,11,4.26,0
Zucchini,Vegetable,GreenLeaf Suppliers,Refrigerated,43.96,4.72,26.19,2026-05-28,2026-06-08 00:00:00.000000,10,9.31,0
Chicken,Meat,GreenLeaf Suppliers,Frozen,31.1,8.5,16.07,2026-05-29,2026-06-02 00:00:00.000000,4,3.66,0
Cream,Dairy,FreshFarm Co,Frozen,46.08,16.54,0.81,2026-05-28,2026-06-05 00:00:00.000000,7,2.79,0
Butter,Dairy,Daily Fresh,Dry Storage,5.36,1.88,5.38,2026-05-27,2026-06-05 00:00:00.000000,7,2.85,0
Fish,Meat,SpiceRoute India,Dry Storage,9.8,0.91,32.96,2026-05-29,2026-06-02 00:00:00.000000,4,10.77,1
Coconut Water,Beverage,AgriDirect,Refrigerated,15.9,3.27,5.43,2026-05-28,2026-06-10 00:00:00.000000,12,4.86,0
Rice,Grain,Metro Wholesale,Frozen,3.35,0.14,2.02,2026-05-03,2026-08-18 00:00:00.000000,81,23.93,0
Apple,Fruit,Daily Fresh,Dry Storage,31.95,1.67,1.22,2026-05-26,2026-06-09 00:00:00.000000,11,19.13,0
Oats,Grain,Daily Fresh,Frozen,17.81,1.25,35.78,2026-05-12,2026-11-25 00:00:00.000000,180,14.25,0
Turmeric,Spice,FreshFarm Co,Dry Storage,8.56,2.0,38.6,2026-05-23,2027-03-12 00:00:00.000000,287,4.28,0
Cumin,Spice,GreenLeaf Suppliers,Frozen,1.49,0.49,30.7,2026-03-25,2027-03-24 00:00:00.000000,299,3.04,1
Watermelon,Fruit,AgriDirect,Frozen,12.99,4.2,12.22,2026-05-28,2026-06-01 00:00:00.000000,3,3.09,1
Coriander Powder,Spice,Daily Fresh,Room Temperature,12.97,2.47,27.09,2026-04-01,2027-02-21 00:00:00.000000,268,5.25,0
Eggs,Meat,FreshFarm Co,Refrigerated,28.29,6.76,11.31,2026-05-28,2026-06-03 00:00:00.000000,5,4.18,0
Chicken,Meat,GreenLeaf Suppliers,Dry Storage,13.43,3.85,35.69,2026-05-28,2026-06-01 00:00:00.000000,3,3.49,1
Papaya,Fruit,FreshFarm Co,Frozen,33.2,9.07,28.85,2026-05-26,2026-06-07 11:14:06.875134,9,3.66,0
Butter,Dairy,Daily Fresh,Room Temperature,2.25,0.67,22.88,2026-05-27,2026-06-03 00:00:00.000000,5,3.36,0
Cumin,Spice,SpiceRoute India,Room Temperature,15.36,1.13,26.3,2026-03-26,2027-02-26 00:00:00.000000,273,13.59,0
Paneer,Dairy,Metro Wholesale,Room Temperature,36.4,8.18,36.5,2026-05-28,2026-06-05 00:00:00.000000,7,4.45,1
Cream,Dairy,Metro Wholesale,Refrigerated,37.34,4.66,31.52,2026-05-29,2026-06-02 00:00:00.000000,4,8.01,1
Milk,Dairy,Daily Fresh,Dry Storage,3.16,0.84,23.21,2026-05-28,2026-05-31 00:00:00.000000,2,3.76,1
Mutton,Meat,SpiceRoute India,Refrigerated,20.95,7.31,6.03,2026-05-28,2026-06-02 00:00:00.000000,4,2.87,0
Cheese,Dairy,Metro Wholesale,Room Temperature,9.43,0.4,13.31,2026-05-27,2026-06-02 00:00:00.000000,4,23.58,1
Cream,Dairy,FreshFarm Co,Refrigerated,10.86,3.38,23.05,2026-05-28,2026-06-03 00:00:00.000000,5,3.21,0
Orange Juice,Beverage,AgriDirect,Frozen,20.47,7.91,15.33,2026-05-23,2026-06-18 00:00:00.000000,20,2.59,1
Butter,Dairy,FreshFarm Co,Frozen,29.64,2.06,32.95,2026-05-27,2026-06-03 00:00:00.000000,5,14.39,1
Cheese,Dairy,Daily Fresh,Dry Storage,17.47,6.31,14.37,2026-05-29,2026-06-05 00:00:00.000000,7,2.77,0
Soda,Beverage,Metro Wholesale,Refrigerated,10.95,0.19,20.19,2026-05-27,2026-06-12 00:00:00.000000,14,57.63,0
Turmeric,Spice,SpiceRoute India,Room Temperature,31.35,7.49,1.92,2026-03-22,2027-01-04 00:00:00.000000,220,4.19,0
Orange Juice,Beverage,SpiceRoute India,Refrigerated,22.49,1.2,10.11,2026-05-23,2026-06-08 00:00:00.000000,10,18.74,0
Watermelon,Fruit,GreenLeaf Suppliers,Refrigerated,33.29,3.67,24.23,2026-05-29,2026-06-07 00:00:00.000000,9,9.07,0
Orange Juice,Beverage,GreenLeaf Suppliers,Refrigerated,25.14,6.16,31.12,2026-05-28,2026-06-08 00:00:00.000000,10,4.08,0
Apple,Fruit,GreenLeaf Suppliers,Room Temperature,27.63,10.07,27.53,2026-05-29,2026-06-03 00:00:00.000000,5,2.74,1
Lemon,Fruit,SpiceRoute India,Refrigerated,41.84,11.23,5.97,2026-05-29,2026-06-02 00:00:00.000000,4,3.73,0
Rice,Grain,GreenLeaf Suppliers,Refrigerated,49.44,5.92,18.57,2026-05-15,2026-08-26 00:00:00.000000,89,8.35,0
Orange,Fruit,GreenLeaf Suppliers,Refrigerated,21.59,1.09,34.05,2026-05-27,2026-06-06 00:00:00.000000,8,19.81,1
Potato,Vegetable,GreenLeaf Suppliers,Frozen,47.78,5.2,29.32,2026-05-28,2026-06-05 00:00:00.000000,7,9.19,1
Curd,Dairy,Daily Fresh,Refrigerated,13.96,2.22,34.03,2026-05-28,2026-06-03 00:00:00.000000,5,6.29,1
Cumin,Spice,Metro Wholesale,Refrigerated,5.63,2.06,19.31,2026-05-09,2026-09-26 00:00:00.000000,120,2.73,0
Mutton,Meat,GreenLeaf Suppliers,Room Temperature,43.2,15.22,29.09,2026-05-29,2026-06-03 00:00:00.000000,5,2.84,1
Prawns,Meat,Daily Fresh,Refrigerated,3.64,0.99,0.49,2026-05-29,2026-06-02 00:00:00.000000,4,3.68,0
Lentils,Grain,SpiceRoute India,Frozen,26.39,7.43,3.81,2026-05-13,2026-09-22 00:00:00.000000,116,3.55,0
Banana,Fruit,SpiceRoute India,Dry Storage,7.86,2.62,35.68,2026-05-26,2026-06-11 00:00:00.000000,13,3.0,0
Potato,Vegetable,Daily Fresh,Room Temperature,37.7,4.9,13.24,2026-05-29,2026-06-02 00:00:00.000000,4,7.69,1
Wheat Flour,Grain,Daily Fresh,Room Temperature,23.23,7.47,17.92,2026-05-27,2026-08-27 00:00:00.000000,90,3.11,0
Fish,Meat,Daily Fresh,Refrigerated,21.415,0.39,21.96,2026-05-29,2026-05-30 00:00:00.000000,1,54.91,1
Coconut Water,Beverage,SpiceRoute India,Frozen,47.54,6.97,2.17,2026-05-22,2026-06-26 00:00:00.000000,28,6.82,0
Fish,Meat,SpiceRoute India,Room Temperature,6.14,1.89,8.87,2026-05-28,2026-06-01 00:00:00.000000,3,3.25,1
Coconut Water,Beverage,SpiceRoute India,Dry Storage,44.9,8.89,32.87,2026-05-29,2026-06-08 00:00:00.000000,10,5.05,0
Chicken,Meat,AgriDirect,Dry Storage,6.48,2.22,8.62,2026-05-29,2026-05-31 00:00:00.000000,2,2.92,1
Watermelon,Fruit,FreshFarm Co,Dry Storage,46.37,15.55,23.55,2026-05-29,2026-06-07 00:00:00.000000,9,2.98,0
Prawns,Meat,Daily Fresh,Frozen,27.88,4.88,23.4,2026-05-29,2026-05-30 00:00:00.000000,1,5.71,1
Mango Pulp,Beverage,SpiceRoute India,Frozen,19.68,4.77,35.31,2026-05-28,2026-06-09 00:00:00.000000,11,4.13,0
Prawns,Meat,GreenLeaf Suppliers,Frozen,48.54,8.85,5.33,2026-05-28,2026-06-02 00:00:00.000000,4,5.48,0
Garam Masala,Spice,SpiceRoute India,Dry Storage,31.81,2.64,24.97,2026-03-20,2027-02-03 00:00:00.000000,250,12.05,0
Cream,Dairy,SpiceRoute India,Frozen,25.44,7.1,12.9,2026-05-29,2026-06-05 00:00:00.000000,7,3.58,0
Milk,Dairy,AgriDirect,Room Temperature,35.65,9.65,35.75,2026-05-27,2026-06-04 00:00:00.000000,6,3.69,1
Soda,Beverage,AgriDirect,Refrigerated,19.35,4.095000000000001,2.26,2026-05-29,2026-06-08 00:00:00.000000,10,4.73,0
Mango Pulp,Beverage,SpiceRoute India,Dry Storage,42.05,11.65,11.81,2026-05-27,2026-06-13 00:00:00.000000,15,3.61,0
Carrot,Vegetable,FreshFarm Co,Room Temperature,37.25,8.41,9.5,2026-05-29,2026-06-08 00:00:00.000000,10,4.43,0
Coconut Water,Beverage,Daily Fresh,Refrigerated,47.86,18.68,12.51,2026-05-23,2026-06-17 00:00:00.000000,19,2.56,0
Capsicum,Vegetable,AgriDirect,Frozen,45.62,12.89,25.91,2026-05-29,2026-06-07 00:00:00.000000,9,3.54,0
Lentils,Grain,SpiceRoute India,Frozen,22.72,8.94,2.98,2026-05-20,2026-08-16 00:00:00.000000,79,2.54,0
Garam Masala,Spice,Daily Fresh,Refrigerated,14.32,1.59,6.44,2026-04-05,2026-09-16 00:00:00.000000,110,9.01,0
Carrot,Vegetable,SpiceRoute India,Room Temperature,8.11,1.11,2.03,2026-05-29,2026-06-02 00:00:00.000000,4,7.31,1
Lentils,Grain,Daily Fresh,Dry Storage,18.23,5.74,12.71,2026-05-12,2026-11-21 00:00:00.000000,176,3.18,0
Papaya,Fruit,AgriDirect,Refrigerated,27.38,4.48,13.98,2026-05-26,2026-06-03 00:00:00.000000,5,6.11,0
Coriander Powder,Spice,GreenLeaf Suppliers,Dry Storage,47.54,11.8,18.99,2026-05-02,2027-01-24 00:00:00.000000,240,4.03,0
Orange Juice,Beverage,SpiceRoute India,Refrigerated,12.4,3.22,36.74,2026-05-22,2026-06-16 00:00:00.000000,18,3.85,0
Carrot,Vegetable,FreshFarm Co,Room Temperature,27.24,3.15,36.45,2026-05-28,2026-06-06 00:00:00.000000,8,8.65,0
Milk,Dairy,Daily Fresh,Room Temperature,44.96,3.54,20.56,2026-05-28,2026-05-31 00:00:00.000000,2,12.7,1
Orange,Fruit,SpiceRoute India,Refrigerated,33.68,10.44,34.6,2026-05-28,2026-06-02 00:00:00.000000,4,3.23,1
Onion,Vegetable,SpiceRoute India,Room Temperature,34.46,0.43,28.67,2026-05-27,2026-06-01 00:00:00.000000,3,80.14,0
Tomato,Vegetable,GreenLeaf Suppliers,Frozen,25.68,2.71,10.35,2026-05-29,2026-06-08 00:00:00.000000,10,9.48,0
Red Chilli,Spice,GreenLeaf Suppliers,Room Temperature,33.83,7.28,25.66,2026-04-10,2026-09-04 00:00:00.000000,98,4.65,0
Orange Juice,Beverage,GreenLeaf Suppliers,Refrigerated,14.85,4.11,24.26,2026-05-28,2026-06-21 00:00:00.000000,23,3.61,0
Prawns,Meat,SpiceRoute India,Room Temperature,8.24,0.8,29.87,2026-05-28,2026-05-30 00:00:00.000000,1,10.3,1
Coconut Water,Beverage,GreenLeaf Suppliers,Frozen,47.89,0.31,34.99,2026-05-24,2026-06-26 00:00:00.000000,28,154.48,1
Tomato,Vegetable,AgriDirect,Room Temperature,15.58,4.69,36.14,2026-05-29,2026-06-08 00:00:00.000000,10,3.32,0
Eggs,Meat,Metro Wholesale,Frozen,31.04,3.21,4.58,2026-05-29,2026-05-31 00:00:00.000000,2,9.67,1
Rice,Grain,SpiceRoute India,Room Temperature,14.89,0.49,3.93,2026-05-27,2026-11-15 00:00:00.000000,170,30.39,0
Fish,Meat,Metro Wholesale,Dry Storage,14.61,0.5,7.74,2026-05-29,2026-05-31 00:00:00.000000,2,29.22,1
Milk,Dairy,SpiceRoute India,Dry Storage,28.49,4.22,12.65,2026-05-29,2026-06-04 00:00:00.000000,6,6.75,0
Carrot,Vegetable,Metro Wholesale,Frozen,42.09,2.35,29.32,2026-05-28,2026-06-06 00:00:00.000000,8,17.91,1
Prawns,Meat,GreenLeaf Suppliers,Dry Storage,9.2,2.27,33.67,2026-05-29,2026-06-02 00:00:00.000000,4,4.05,1
Papaya,Fruit,GreenLeaf Suppliers,Frozen,36.51,13.04,33.98,2026-05-29,2026-06-12 00:00:00.000000,14,2.8,0
Soda,Beverage,FreshFarm Co,Frozen,27.4,10.95,18.88,2026-05-25,2026-06-22 00:00:00.000000,24,2.5,0
Cheese,Dairy,AgriDirect,Frozen,7.13,1.48,3.62,2026-05-28,2026-06-05 00:00:00.000000,7,4.82,0
Onion,Vegetable,AgriDirect,Frozen,8.38,1.94,22.63,2026-05-28,2026-06-02 00:00:00.000000,4,4.32,0
Watermelon,Fruit,GreenLeaf Suppliers,Room Temperature,38.19,3.62,10.57,2026-05-28,2026-06-01 00:00:00.000000,3,10.55,1
Cumin,Spice,Daily Fresh,Dry Storage,44.14,0.8,25.94,2026-04-01,2027-04-24 00:00:00.000000,330,55.18,0
Lentils,Grain,SpiceRoute India,Dry Storage,27.45,1.99,26.15,2026-05-11,2026-09-03 00:00:00.000000,97,13.79,0
Turmeric,Spice,Daily Fresh,Dry Storage,20.59,6.75,13.8,2026-03-24,2026-12-19 00:00:00.000000,204,3.05,0
Rice,Grain,Daily Fresh,Frozen,4.32,1.15,8.46,2026-05-22,2026-08-09 00:00:00.000000,72,3.76,0
Milk,Dairy,SpiceRoute India,Refrigerated,40.65,11.74,19.26,2026-05-28,2026-06-01 00:00:00.000000,3,3.46,1
Papaya,Fruit,SpiceRoute India,Frozen,12.56,0.73,23.69,2026-05-29,2026-06-07 00:00:00.000000,9,17.21,0
Rice,Grain,FreshFarm Co,Frozen,46.16,9.59,16.22,2026-05-21,2026-08-09 00:00:00.000000,72,4.81,0
Turmeric,Spice,FreshFarm Co,Dry Storage,30.52,5.81,19.27,2026-04-02,2026-12-15 00:00:00.000000,200,5.25,0
Eggs,Meat,AgriDirect,Frozen,8.8,2.44,36.89,2026-05-28,2026-05-31 00:00:00.000000,2,3.61,1
Onion,Vegetable,Daily Fresh,Room Temperature,1.32,0.32,36.37,2026-05-29,2026-06-02 00:00:00.000000,4,4.12,1
Mango Pulp,Beverage,Metro Wholesale,Refrigerated,43.95,9.39,30.1,2026-05-29,2026-06-20 00:00:00.000000,22,4.68,0
Cumin,Spice,SpiceRoute India,Refrigerated,21.32,7.47,27.91,2026-03-24,2027-04-04 00:00:00.000000,310,2.85,0
Soda,Beverage,GreenLeaf Suppliers,Room Temperature,21.56,2.27,30.63,2026-05-28,2026-06-23 00:00:00.000000,25,9.5,0
Capsicum,Vegetable,GreenLeaf Suppliers,Room Temperature,35.6,11.26,23.12,2026-05-29,2026-06-03 00:00:00.000000,5,3.16,0
Mushroom,Vegetable,SpiceRoute India,Frozen,18.43,1.23,26.06,2026-05-28,2026-06-05 00:00:00.000000,7,14.98,1
Soda,Beverage,AgriDirect,Dry Storage,37.87,6.32,31.35,2026-05-23,2026-06-13 00:00:00.000000,15,5.99,0
Milk,Dairy,GreenLeaf Suppliers,Room Temperature,17.55,4.98,29.43,2026-05-27,2026-06-02 00:00:00.000000,4,3.52,1
Turmeric,Spice,Daily Fresh,Frozen,11.12,1.84,13.54,2026-05-17,2026-11-17 00:00:00.000000,172,6.04,0
Turmeric,Spice,Daily Fresh,Frozen,41.25,7.84,24.01,2026-05-18,2026-08-29 00:00:00.000000,92,5.26,0
Curd,Dairy,FreshFarm Co,Dry Storage,36.36,13.54,16.03,2026-05-29,2026-06-04 00:00:00.000000,6,2.69,0
Cream,Dairy,Metro Wholesale,Refrigerated,22.23,1.87,26.28,2026-05-28,2026-06-05 00:00:00.000000,7,11.89,1
Curd,Dairy,AgriDirect,Refrigerated,35.07,8.67,26.96,2026-05-27,2026-06-04 00:00:00.000000,6,4.04,1
Turmeric,Spice,FreshFarm Co,Frozen,17.98,2.9,23.44,2026-04-08,2027-01-15 00:00:00.000000,231,6.2,0
Turmeric,Spice,AgriDirect,Refrigerated,45.79,6.44,38.53,2026-03-19,2027-01-19 00:00:00.000000,235,7.11,0
Wheat Flour,Grain,Daily Fresh,Room Temperature,13.42,2.24,4.26,2026-05-29,2026-11-22 00:00:00.000000,177,5.99,0
Butter,Dairy,AgriDirect,Refrigerated,40.75,9.41,27.77,2026-05-27,2026-06-02 00:00:00.000000,4,4.33,1
Oats,Grain,GreenLeaf Suppliers,Frozen,23.31,5.51,1.09,2026-05-08,2026-10-23 00:00:00.000000,147,4.23,0
Mushroom,Vegetable,SpiceRoute India,Frozen,20.92,3.02,21.43,2026-05-28,2026-06-03 00:00:00.000000,5,6.93,0
Curd,Dairy,FreshFarm Co,Dry Storage,37.57,5.21,22.18,2026-05-27,2026-06-03 00:00:00.000000,5,7.21,0
Butter,Dairy,AgriDirect,Frozen,47.38,12.98,36.4,2026-05-29,2026-06-02 00:00:00.000000,4,3.65,1
Mango,Fruit,GreenLeaf Suppliers,Frozen,10.54,1.13,24.74,2026-05-28,2026-06-04 00:00:00.000000,6,9.33,1
Spinach,Vegetable,SpiceRoute India,Refrigerated,0.83,0.3,38.32,2026-05-27,2026-06-07 00:00:00.000000,9,2.77,0
Milk,Dairy,Daily Fresh,Dry Storage,24.79,9.76,36.64,2026-05-28,2026-06-04 00:00:00.000000,6,2.54,1
Orange,Fruit,FreshFarm Co,Frozen,24.18,5.28,20.1,2026-05-26,2026-06-09 00:00:00.000000,11,4.58,0
Cumin,Spice,FreshFarm Co,Room Temperature,16.12,0.15,26.96,2026-04-01,2027-05-19 00:00:00.000000,355,107.47,0
Carrot,Vegetable,AgriDirect,Dry Storage,27.65,2.7,18.85,2026-05-29,2026-06-04 00:00:00.000000,6,10.24,1
Curd,Dairy,Daily Fresh,Room Temperature,35.19,5.3,34.17,2026-05-28,2026-06-01 00:00:00.000000,3,6.64,1
Papaya,Fruit,AgriDirect,Frozen,40.8,11.79,32.16,2026-05-28,2026-06-11 00:00:00.000000,13,3.46,0
Soda,Beverage,Metro Wholesale,Frozen,23.91,0.19,16.86,2026-05-27,2026-06-28 00:00:00.000000,30,125.84,0
Coconut Water,Beverage,GreenLeaf Suppliers,Room Temperature,20.22,5.62,2.4,2026-05-29,2026-06-13 00:00:00.000000,15,3.6,0
Chicken,Meat,SpiceRoute India,Room Temperature,18.37,4.16,37.27,2026-05-28,2026-06-01 00:00:00.000000,3,4.42,1
Mushroom,Vegetable,GreenLeaf Suppliers,Refrigerated,29.01,7.57,6.98,2026-05-27,2026-06-03 00:00:00.000000,5,3.83,0
Butter,Dairy,SpiceRoute India,Room Temperature,19.36,2.29,25.27,2026-05-29,2026-06-03 00:00:00.000000,5,8.45,1
Watermelon,Fruit,Daily Fresh,Dry Storage,42.52,1.31,6.48,2026-05-26,2026-06-11 00:00:00.000000,13,32.46,0
Cream,Dairy,SpiceRoute India,Dry Storage,32.41,3.59,17.8,2026-05-27,2026-06-02 00:00:00.000000,4,9.03,1
Cream,Dairy,Daily Fresh,Room Temperature,42.78,2.23,9.39,2026-05-29,2026-06-01 00:00:00.000000,3,19.18,1
Turmeric,Spice,Metro Wholesale,Frozen,5.23,1.97,18.93,2026-05-16,2027-03-18 00:00:00.000000,293,2.65,0
Soda,Beverage,FreshFarm Co,Refrigerated,4.67,1.75,15.59,2026-05-27,2026-06-13 00:00:00.000000,15,2.67,0
Coriander Powder,Spice,SpiceRoute India,Room Temperature,26.57,1.9,1.41,2026-05-13,2026-10-30 00:00:00.000000,154,13.98,0
Cheese,Dairy,AgriDirect,Room Temperature,22.52,8.74,27.9,2026-05-27,2026-06-02 00:00:00.000000,4,2.58,1
Oats,Grain,AgriDirect,Room Temperature,45.49,8.82,9.09,2026-05-20,2026-11-11 00:00:00.000000,166,5.16,0
Butter,Dairy,GreenLeaf Suppliers,Room Temperature,1.02,0.26,30.33,2026-05-28,2026-06-01 00:00:00.000000,3,3.92,1
Cheese,Dairy,SpiceRoute India,Refrigerated,15.33,4.72,31.92,2026-05-28,2026-06-03 00:00:00.000000,5,3.25,1
Orange Juice,Beverage,Metro Wholesale,Dry Storage,20.04,1.39,29.48,2026-05-23,2026-06-18 00:00:00.000000,20,14.42,0
Mutton,Meat,FreshFarm Co,Dry Storage,26.07,8.36,24.53,2026-05-29,2026-06-02 00:00:00.000000,4,3.12,0
Butter,Dairy,Daily Fresh,Dry Storage,9.53,1.17,25.48,2026-05-29,2026-06-01 00:00:00.000000,3,8.15,1
Cream,Dairy,Metro Wholesale,Room Temperature,8.03,3.12,0.89,2026-05-29,2026-06-02 00:00:00.000000,4,2.57,0
Butter,Dairy,SpiceRoute India,Frozen,0.91,0.12,0.59,2026-05-27,2026-06-03 00:00:00.000000,5,7.58,1
Fish,Meat,GreenLeaf Suppliers,Room Temperature,16.85,5.7,38.07,2026-05-29,2026-06-02 00:00:00.000000,4,2.96,1
Soda,Beverage,AgriDirect,Refrigerated,10.01,3.39,32.69,2026-05-27,2026-06-20 00:00:00.000000,22,2.95,0
Onion,Vegetable,Daily Fresh,Room Temperature,49.73,4.04,29.41,2026-05-27,2026-06-03 00:00:00.000000,5,12.31,1
Cumin,Spice,Daily Fresh,Room Temperature,8.35,2.46,29.79,2026-04-18,2027-02-02 00:00:00.000000,249,3.39,0
Capsicum,Vegetable,SpiceRoute India,Room Temperature,18.34,0.48,26.67,2026-05-29,2026-06-04 00:00:00.000000,6,38.21,1
Watermelon,Fruit,GreenLeaf Suppliers,Room Temperature,39.82,9.35,15.83,2026-05-28,2026-06-01 00:00:00.000000,3,4.26,1
Zucchini,Vegetable,SpiceRoute India,Room Temperature,38.65,3.92,20.0,2026-05-28,2026-06-02 00:00:00.000000,4,9.86,1
Cream,Dairy,FreshFarm Co,Refrigerated,8.12,1.79,4.3,2026-05-27,2026-06-02 00:00:00.000000,4,4.54,0
Milk,Dairy,Daily Fresh,Dry Storage,1.56,0.3,28.98,2026-05-29,2026-06-05 00:00:00.000000,7,5.2,1
Broccoli,Vegetable,AgriDirect,Room Temperature,35.0,4.02,7.47,2026-05-27,2026-06-04 00:00:00.000000,6,8.71,1
Red Chilli,Spice,AgriDirect,Dry Storage,26.79,4.87,32.78,2026-05-21,2026-11-17 00:00:00.000000,172,5.5,0
Chicken,Meat,SpiceRoute India,Room Temperature,31.18,4.6,24.81,2026-05-29,2026-05-31 00:00:00.000000,2,6.78,1
Cabbage,Vegetable,Metro Wholesale,Room Temperature,25.13,5.59,24.52,2026-05-27,2026-06-08 00:00:00.000000,10,4.5,0
Coriander Powder,Spice,FreshFarm Co,Refrigerated,3.8,1.29,5.19,2026-03-06,2027-05-21 00:00:00.000000,357,2.95,0
Lemon,Fruit,Metro Wholesale,Room Temperature,28.77,9.64,26.32,2026-05-29,2026-06-02 00:00:00.000000,4,2.98,1
Garam Masala,Spice,FreshFarm Co,Dry Storage,30.49,0.96,37.21,2026-05-01,2027-03-02 00:00:00.000000,277,31.76,0
Chicken,Meat,SpiceRoute India,Room Temperature,28.12,10.56,16.64,2026-05-28,2026-05-30 00:00:00.000000,1,2.66,1
Turmeric,Spice,AgriDirect,Dry Storage,41.81,1.4,8.64,2026-05-20,2026-09-16 00:00:00.000000,110,29.86,0
Onion,Vegetable,Metro Wholesale,Room Temperature,33.02,7.57,37.9,2026-05-27,2026-06-03 00:00:00.000000,5,4.36,1
Oats,Grain,SpiceRoute India,Refrigerated,33.89,9.55,17.08,2026-05-18,2026-11-22 00:00:00.000000,177,3.55,0
Mango Pulp,Beverage,AgriDirect,Room Temperature,26.93,6.5,37.34,2026-05-27,2026-06-15 00:00:00.000000,17,4.14,0
Semolina,Grain,Daily Fresh,Dry Storage,36.43,8.9,22.53,2026-05-03,2026-10-16 00:00:00.000000,140,4.09,0
Coconut Water,Beverage,Daily Fresh,Dry Storage,0.51,0.1,11.38,2026-05-23,2026-06-19 00:00:00.000000,21,5.1,1
Apple,Fruit,GreenLeaf Suppliers,Refrigerated,42.86,0.47,32.88,2026-05-28,2026-06-04 00:00:00.000000,6,91.19,1
Milk,Dairy,FreshFarm Co,Frozen,18.1,1.09,14.68,2026-05-28,2026-05-31 00:00:00.000000,2,16.61,1
Apple,Fruit,FreshFarm Co,Dry Storage,28.67,2.57,3.09,2026-05-26,2026-06-10 00:00:00.000000,12,11.16,0
Mutton,Meat,SpiceRoute India,Room Temperature,29.96,3.67,29.23,2026-05-29,2026-06-03 00:00:00.000000,5,8.16,1
Tomato,Vegetable,GreenLeaf Suppliers,Dry Storage,46.55,2.33,30.82,2026-05-28,2026-06-06 00:00:00.000000,8,19.98,1
Orange Juice,Beverage,FreshFarm Co,Room Temperature,16.31,3.73,13.07,2026-05-29,2026-06-14 00:00:00.000000,16,4.37,0
Lemon,Fruit,Daily Fresh,Room Temperature,11.49,1.4,15.77,2026-05-29,2026-06-10 00:00:00.000000,12,8.21,0
Broccoli,Vegetable,AgriDirect,Refrigerated,4.71,1.0,30.95,2026-05-28,2026-06-06 00:00:00.000000,8,4.71,0
Banana,Fruit,Daily Fresh,Frozen,28.28,11.28,20.97,2026-05-28,2026-06-07 00:00:00.000000,9,2.51,0
Cheese,Dairy,SpiceRoute India,Dry Storage,6.07,1.06,14.61,2026-05-29,2026-06-04 00:00:00.000000,6,5.73,0
Milk,Dairy,GreenLeaf Suppliers,Refrigerated,31.0,12.28,17.69,2026-05-28,2026-06-01 00:00:00.000000,3,2.52,1
Onion,Vegetable,SpiceRoute India,Frozen,38.01,12.98,4.49,2026-05-29,2026-06-05 00:00:00.000000,7,2.93,0
Wheat Flour,Grain,FreshFarm Co,Dry Storage,40.31,4.99,18.85,2026-05-07,2026-09-23 00:00:00.000000,117,8.08,0
Garam Masala,Spice,Metro Wholesale,Frozen,27.67,6.93,39.69,2026-04-26,2027-05-21 00:00:00.000000,357,3.99,0
Turmeric,Spice,AgriDirect,Room Temperature,13.15,0.41,8.03,2026-05-24,2027-05-23 00:00:00.000000,359,32.07,0
Paneer,Dairy,SpiceRoute India,Room Temperature,19.74,2.22,34.08,2026-05-29,2026-05-31 00:00:00.000000,2,8.89,1
Orange Juice,Beverage,GreenLeaf Suppliers,Refrigerated,11.94,1.88,39.06,2026-05-23,2026-06-25 00:00:00.000000,27,6.35,0
Cheese,Dairy,Metro Wholesale,Refrigerated,48.36,10.89,28.5,2026-05-27,2026-06-01 00:00:00.000000,3,4.44,0
Semolina,Grain,Daily Fresh,Dry Storage,8.27,1.21,14.08,2026-05-06,2026-10-06 00:00:00.000000,130,6.83,0
Papaya,Fruit,FreshFarm Co,Dry Storage,43.99,15.68,32.59,2026-05-27,2026-06-11 00:00:00.000000,13,2.81,1
Semolina,Grain,Metro Wholesale,Frozen,19.95,1.18,29.2,2026-05-01,2026-09-23 00:00:00.000000,117,16.91,0
Garam Masala,Spice,Daily Fresh,Frozen,8.06,3.13,36.39,2026-03-17,2026-12-28 00:00:00.000000,213,2.58,0
Wheat Flour,Grain,SpiceRoute India,Frozen,27.3,8.76,34.5,2026-05-11,2026-08-02 00:00:00.000000,65,3.12,0
Garam Masala,Spice,Daily Fresh,Frozen,46.68,17.13,12.7,2026-03-07,2026-11-09 00:00:00.000000,164,2.73,0
Turmeric,Spice,GreenLeaf Suppliers,Frozen,38.39,13.53,16.56,2026-05-26,2026-11-09 00:00:00.000000,164,2.84,0
Fish,Meat,Metro Wholesale,Frozen,9.64,2.96,24.48,2026-05-29,2026-05-30 00:00:00.000000,1,3.26,1
Chickpeas,Grain,AgriDirect,Frozen,34.53,5.03,27.53,2026-05-22,2026-08-26 00:00:00.000000,89,6.86,0
Chickpeas,Grain,SpiceRoute India,Room Temperature,42.68,8.44,5.5,2026-05-24,2026-10-01 00:00:00.000000,125,5.06,0
Mushroom,Vegetable,GreenLeaf Suppliers,Refrigerated,37.25,14.73,30.31,2026-05-29,2026-06-06 00:00:00.000000,8,2.53,0
Eggs,Meat,SpiceRoute India,Room Temperature,44.44,7.66,31.05,2026-05-28,2026-06-01 00:00:00.000000,3,5.8,1
Soda,Beverage,Daily Fresh,Dry Storage,26.27,4.8,33.08,2026-05-29,2026-06-24 00:00:00.000000,26,5.47,1
Papaya,Fruit,SpiceRoute India,Room Temperature,26.05,6.61,1.97,2026-05-26,2026-06-01 00:00:00.000000,3,3.94,1
Fish,Meat,Daily Fresh,Dry Storage,15.07,5.55,27.6,2026-05-28,2026-05-31 00:00:00.000000,2,2.72,1
Prawns,Meat,SpiceRoute India,Refrigerated,9.4,2.24,35.77,2026-05-29,2026-06-01 11:14:06.875134,3,4.2,1
Prawns,Meat,Daily Fresh,Dry Storage,22.96,8.24,35.83,2026-05-29,2026-05-30 00:00:00.000000,1,2.79,1
Capsicum,Vegetable,SpiceRoute India,Dry Storage,36.8,1.43,28.25,2026-05-27,2026-06-02 00:00:00.000000,4,25.73,1
Cabbage,Vegetable,SpiceRoute India,Room Temperature,47.51,7.26,15.22,2026-05-27,2026-06-08 00:00:00.000000,10,6.54,0
Milk,Dairy,Metro Wholesale,Frozen,38.57,0.89,12.32,2026-05-29,2026-06-01 00:00:00.000000,3,43.34,1
Fish,Meat,FreshFarm Co,Frozen,0.67,0.23,0.49,2026-05-29,2026-05-31 00:00:00.000000,2,2.91,1
Eggs,Meat,AgriDirect,Refrigerated,11.24,3.0,18.15,2026-05-29,2026-06-02 00:00:00.000000,4,3.75,0
Chickpeas,Grain,Metro Wholesale,Refrigerated,31.18,7.0,33.01,2026-05-21,2026-11-15 00:00:00.000000,170,4.45,1
Lemon,Fruit,FreshFarm Co,Dry Storage,33.52,11.25,11.94,2026-05-29,2026-06-03 00:00:00.000000,5,2.98,0
Spinach,Vegetable,Metro Wholesale,Room Temperature,14.58,3.89,27.99,2026-05-27,2026-06-02 00:00:00.000000,4,3.75,1
Wheat Flour,Grain,SpiceRoute India,Room Temperature,46.61,1.83,11.97,2026-05-18,2026-11-23 00:00:00.000000,178,25.47,0
Chicken,Meat,AgriDirect,Room Temperature,23.81,1.25,34.38,2026-05-28,2026-05-30 00:00:00.000000,1,19.05,1
Eggs,Meat,SpiceRoute India,Frozen,5.91,1.75,25.16,2026-05-29,2026-05-31 00:00:00.000000,2,3.38,1
Eggs,Meat,Daily Fresh,Dry Storage,13.35,3.11,24.93,2026-05-28,2026-06-03 00:00:00.000000,5,4.29,0
Chickpeas,Grain,AgriDirect,Room Temperature,40.5,14.33,9.31,2026-05-14,2026-11-02 00:00:00.000000,157,2.83,0
Lemon,Fruit,FreshFarm Co,Refrigerated,37.0,3.15,24.61,2026-05-29,2026-06-08 00:00:00.000000,10,11.75,0
Carrot,Vegetable,AgriDirect,Dry Storage,32.21,8.92,10.18,2026-05-29,2026-06-03 00:00:00.000000,5,3.61,0
Milk,Dairy,FreshFarm Co,Dry Storage,17.0,2.75,22.76,2026-05-27,2026-05-31 00:00:00.000000,2,6.18,1
Mango Pulp,Beverage,GreenLeaf Suppliers,Frozen,45.85,14.64,25.83,2026-05-22,2026-06-15 00:00:00.000000,17,3.13,0
Red Chilli,Spice,Daily Fresh,Dry Storage,41.84,5.08,29.0,2026-05-22,2027-03-26 00:00:00.000000,301,8.24,0
Rice,Grain,AgriDirect,Frozen,45.85,14.62,2.65,2026-05-04,2026-09-20 00:00:00.000000,114,3.14,0
Orange Juice,Beverage,Daily Fresh,Dry Storage,28.76,4.54,23.81,2026-05-27,2026-06-25 00:00:00.000000,27,6.33,0
Coconut Water,Beverage,SpiceRoute India,Dry Storage,20.99,4.22,9.51,2026-05-25,2026-06-06 00:00:00.000000,8,4.97,0
Curd,Dairy,Metro Wholesale,Dry Storage,39.35,12.26,36.53,2026-05-28,2026-05-31 00:00:00.000000,2,3.21,1
Broccoli,Vegetable,Metro Wholesale,Frozen,36.76,7.75,31.02,2026-05-28,2026-06-05 00:00:00.000000,7,4.74,1
Orange Juice,Beverage,Metro Wholesale,Frozen,23.24,6.66,20.89,2026-05-29,2026-06-28 00:00:00.000000,30,3.49,1
Zucchini,Vegetable,GreenLeaf Suppliers,Refrigerated,5.6,1.74,29.82,2026-05-29,2026-06-07 00:00:00.000000,9,3.22,1
Coconut Water,Beverage,GreenLeaf Suppliers,Frozen,14.69,3.17,30.91,2026-05-26,2026-06-11 00:00:00.000000,13,4.63,0
Curd,Dairy,GreenLeaf Suppliers,Frozen,47.94,10.78,4.1,2026-05-29,2026-06-02 11:14:06.875134,4,4.45,1
Semolina,Grain,Metro Wholesale,Dry Storage,12.62,0.45,24.53,2026-05-11,2026-09-08 00:00:00.000000,102,28.04,0
Chicken,Meat,FreshFarm Co,Frozen,5.74,0.22,17.06,2026-05-29,2026-06-02 00:00:00.000000,4,26.09,1
Chickpeas,Grain,AgriDirect,Room Temperature,16.95,1.42,30.34,2026-05-20,2026-09-27 00:00:00.000000,121,11.94,0
Broccoli,Vegetable,FreshFarm Co,Frozen,23.05,6.34,28.41,2026-05-29,2026-06-07 00:00:00.000000,9,3.64,0
Mango,Fruit,AgriDirect,Frozen,19.91,5.6,26.61,2026-05-27,2026-06-05 00:00:00.000000,7,3.56,1
Cheese,Dairy,FreshFarm Co,Room Temperature,6.09,1.22,33.83,2026-05-28,2026-05-31 00:00:00.000000,2,4.99,1
Milk,Dairy,AgriDirect,Frozen,40.97,13.08,13.03,2026-05-28,2026-05-31 00:00:00.000000,2,3.13,1
Coconut Water,Beverage,Daily Fresh,Room Temperature,12.31,1.28,6.36,2026-05-23,2026-06-23 00:00:00.000000,25,9.62,0
Carrot,Vegetable,SpiceRoute India,Frozen,28.58,3.98,27.77,2026-05-28,2026-06-06 00:00:00.000000,8,7.18,0
Turmeric,Spice,FreshFarm Co,Room Temperature,27.98,9.22,7.05,2026-04-18,2027-04-21 00:00:00.000000,327,3.03,0
Zucchini,Vegetable,SpiceRoute India,Refrigerated,24.97,6.63,3.62,2026-05-28,2026-06-04 11:14:06.875134,6,3.77,0
Lentils,Grain,Metro Wholesale,Refrigerated,26.8,4.24,23.12,2026-05-15,2026-08-05 00:00:00.000000,68,6.32,0
Coriander Powder,Spice,AgriDirect,Dry Storage,36.03,13.2,39.61,2026-04-04,2027-01-29 00:00:00.000000,245,2.73,0
Chickpeas,Grain,Metro Wholesale,Room Temperature,18.78,4.17,2.13,2026-05-28,2026-09-11 00:00:00.000000,105,4.5,0
Coconut Water,Beverage,GreenLeaf Suppliers,Refrigerated,21.87,5.2,25.01,2026-05-26,2026-06-05 00:00:00.000000,7,4.21,1
Prawns,Meat,AgriDirect,Room Temperature,24.01,1.89,15.38,2026-05-29,2026-05-31 00:00:00.000000,2,12.7,1
Soda,Beverage,GreenLeaf Suppliers,Frozen,7.15,0.3,0.63,2026-05-27,2026-06-26 00:00:00.000000,28,23.83,0
Prawns,Meat,FreshFarm Co,Frozen,43.08,15.41,27.82,2026-05-28,2026-05-31 00:00:00.000000,2,2.8,1
Wheat Flour,Grain,AgriDirect,Room Temperature,41.09,6.38,9.03,2026-05-12,2026-10-14 00:00:00.000000,138,6.44,0
Zucchini,Vegetable,SpiceRoute India,Room Temperature,25.34,4.22,21.85,2026-05-27,2026-06-03 00:00:00.000000,5,6.0,0
Zucchini,Vegetable,SpiceRoute India,Room Temperature,29.22,11.24,3.2,2026-05-29,2026-06-05 00:00:00.000000,7,2.6,0
Semolina,Grain,AgriDirect,Room Temperature,44.55,1.67,18.9,2026-05-13,2026-07-18 00:00:00.000000,50,26.68,0
Turmeric,Spice,AgriDirect,Dry Storage,26.98,0.22,18.16,2026-04-16,2026-09-23 00:00:00.000000,117,122.64,0
Lentils,Grain,Daily Fresh,Dry Storage,48.9,5.83,6.7,2026-04-29,2026-09-26 00:00:00.000000,120,8.39,0
Lentils,Grain,SpiceRoute India,Dry Storage,3.54,0.72,6.76,2026-05-21,2026-11-19 00:00:00.000000,174,4.92,0
Cream,Dairy,GreenLeaf Suppliers,Refrigerated,6.78,0.3,31.35,2026-05-29,2026-06-03 00:00:00.000000,5,22.6,1
Semolina,Grain,GreenLeaf Suppliers,Dry Storage,6.02,0.5,23.67,2026-05-06,2026-07-01 00:00:00.000000,33,12.04,0
Fish,Meat,GreenLeaf Suppliers,Frozen,9.45,2.04,1.32,2026-05-28,2026-05-31 00:00:00.000000,2,4.63,1
Papaya,Fruit,Daily Fresh,Frozen,12.28,2.22,25.5,2026-05-26,2026-06-07 00:00:00.000000,9,5.53,0
Coriander Powder,Spice,SpiceRoute India,Refrigerated,3.1,0.63,19.05,2026-05-15,2027-01-09 00:00:00.000000,225,4.92,0
Mango Pulp,Beverage,SpiceRoute India,Room Temperature,23.99,1.48,34.81,2026-05-23,2026-06-27 00:00:00.000000,29,16.21,1
Soda,Beverage,SpiceRoute India,Room Temperature,5.32,1.18,14.15,2026-05-29,2026-06-15 00:00:00.000000,17,4.51,0
Lentils,Grain,GreenLeaf Suppliers,Dry Storage,40.21,4.18,23.37,2026-05-21,2026-09-05 00:00:00.000000,99,9.62,0
Cumin,Spice,AgriDirect,Frozen,34.67,2.58,21.9,2026-03-04,2027-02-15 00:00:00.000000,262,13.44,0
Orange Juice,Beverage,Daily Fresh,Refrigerated,34.43,4.91,29.01,2026-05-28,2026-06-08 00:00:00.000000,10,7.01,0
Tomato,Vegetable,FreshFarm Co,Refrigerated,32.09,9.12,4.8,2026-05-27,2026-06-03 00:00:00.000000,5,3.52,0
Banana,Fruit,FreshFarm Co,Frozen,13.04,2.49,37.45,2026-05-28,2026-06-12 00:00:00.000000,14,5.24,0
Cheese,Dairy,GreenLeaf Suppliers,Dry Storage,14.23,0.45,15.54,2026-05-29,2026-06-01 00:00:00.000000,3,31.62,1
Butter,Dairy,Daily Fresh,Frozen,48.98,4.01,15.71,2026-05-28,2026-05-31 00:00:00.000000,2,12.21,1
Potato,Vegetable,Metro Wholesale,Room Temperature,35.91,1.57,2.92,2026-05-28,2026-06-01 00:00:00.000000,3,22.87,1
Cheese,Dairy,Daily Fresh,Refrigerated,32.2,12.02,26.58,2026-05-27,2026-06-01 00:00:00.000000,3,2.68,1
Coriander Powder,Spice,AgriDirect,Room Temperature,35.53,10.98,19.13,2026-03-25,2026-08-28 00:00:00.000000,91,3.24,0
Turmeric,Spice,FreshFarm Co,Frozen,40.99,7.96,22.69,2026-03-02,2027-03-11 00:00:00.000000,286,5.15,0
Butter,Dairy,Daily Fresh,Dry Storage,49.85,12.94,14.61,2026-05-27,2026-05-31 00:00:00.000000,2,3.85,1
Paneer,Dairy,GreenLeaf Suppliers,Room Temperature,9.24,0.24,15.37,2026-05-29,2026-06-05 00:00:00.000000,7,38.5,1
Red Chilli,Spice,SpiceRoute India,Refrigerated,4.7,1.23,29.41,2026-03-28,2027-02-26 00:00:00.000000,273,3.82,0
Lemon,Fruit,Daily Fresh,Frozen,39.74,10.26,19.99,2026-05-29,2026-06-07 00:00:00.000000,9,3.87,0
Soda,Beverage,FreshFarm Co,Refrigerated,17.22,4.99,16.22,2026-05-29,2026-06-15 00:00:00.000000,17,3.45,0
Garam Masala,Spice,SpiceRoute India,Room Temperature,37.18,3.54,2.88,2026-05-10,2027-05-28 00:00:00.000000,364,10.5,0
Chicken,Meat,AgriDirect,Room Temperature,35.21,1.93,6.89,2026-05-29,2026-05-30 00:00:00.000000,1,18.24,0
Paneer,Dairy,AgriDirect,Room Temperature,3.67,1.22,4.57,2026-05-27,2026-06-01 00:00:00.000000,3,3.01,1
Wheat Flour,Grain,Metro Wholesale,Refrigerated,40.67,15.98,27.14,2026-05-19,2026-10-15 00:00:00.000000,139,2.55,0
Garam Masala,Spice,GreenLeaf Suppliers,Frozen,29.86,4.07,4.83,2026-05-24,2026-12-14 00:00:00.000000,199,7.34,0
Mutton,Meat,AgriDirect,Dry Storage,12.56,2.97,5.33,2026-05-28,2026-05-31 00:00:00.000000,2,4.23,1
Garam Masala,Spice,Metro Wholesale,Room Temperature,4.5,0.11,37.05,2026-03-28,2026-09-04 00:00:00.000000,98,40.91,0
Semolina,Grain,SpiceRoute India,Room Temperature,6.78,0.47,10.84,2026-05-07,2026-10-27 00:00:00.000000,151,14.43,0
Mango,Fruit,AgriDirect,Refrigerated,30.8,1.18,33.06,2026-05-26,2026-06-03 00:00:00.000000,5,26.1,1
Chicken,Meat,Metro Wholesale,Frozen,31.14,10.76,39.47,2026-05-29,2026-05-30 00:00:00.000000,1,2.89,1
Mutton,Meat,FreshFarm Co,Dry Storage,39.93,10.98,38.74,2026-05-29,2026-05-31 00:00:00.000000,2,3.64,1
Mango,Fruit,FreshFarm Co,Refrigerated,14.61,2.6,13.37,2026-05-27,2026-06-11 00:00:00.000000,13,5.62,0
Soda,Beverage,FreshFarm Co,Refrigerated,46.28,3.34,31.42,2026-05-29,2026-06-28 00:00:00.000000,30,13.86,0
Spinach,Vegetable,SpiceRoute India,Frozen,29.2,4.95,29.88,2026-05-27,2026-06-07 00:00:00.000000,9,5.9,0
Orange,Fruit,GreenLeaf Suppliers,Refrigerated,12.24,2.08,8.0,2026-05-29,2026-06-04 00:00:00.000000,6,5.88,0
Broccoli,Vegetable,FreshFarm Co,Room Temperature,11.2,2.77,7.12,2026-05-29,2026-06-06 00:00:00.000000,8,4.04,0
Mutton,Meat,GreenLeaf Suppliers,Dry Storage,6.8,1.91,2.39,2026-05-28,2026-05-31 00:00:00.000000,2,3.56,1
Soda,Beverage,Daily Fresh,Room Temperature,11.38,1.41,6.27,2026-05-24,2026-06-10 00:00:00.000000,12,8.07,0
Wheat Flour,Grain,FreshFarm Co,Frozen,26.33,9.09,8.66,2026-05-02,2026-10-11 00:00:00.000000,135,2.9,0
Fish,Meat,SpiceRoute India,Refrigerated,12.77,2.27,8.9,2026-05-29,2026-06-02 00:00:00.000000,4,5.63,0
Papaya,Fruit,Daily Fresh,Refrigerated,49.57,14.57,20.17,2026-05-29,2026-06-01 00:00:00.000000,3,3.4,1
Prawns,Meat,Daily Fresh,Refrigerated,4.61,1.41,27.73,2026-05-29,2026-06-02 00:00:00.000000,4,3.27,1
Mango,Fruit,GreenLeaf Suppliers,Dry Storage,1.29,0.38,6.47,2026-05-29,2026-06-04 00:00:00.000000,6,3.39,0
Lentils,Grain,Daily Fresh,Refrigerated,7.36,2.1,7.4,2026-05-05,2026-10-24 00:00:00.000000,148,3.5,0
Red Chilli,Spice,SpiceRoute India,Refrigerated,44.73,6.02,1.31,2026-04-10,2026-10-02 00:00:00.000000,126,7.43,0
Cream,Dairy,SpiceRoute India,Frozen,44.1,13.01,2.19,2026-05-27,2026-05-31 00:00:00.000000,2,3.39,1
Coriander Powder,Spice,FreshFarm Co,Refrigerated,23.53,0.48,14.66,2026-04-13,2027-03-11 00:00:00.000000,286,49.02,0
Turmeric,Spice,Metro Wholesale,Frozen,27.21,7.1,29.5,2026-04-29,2027-02-14 00:00:00.000000,261,3.83,0
Mango Pulp,Beverage,GreenLeaf Suppliers,Frozen,25.43,4.36,2.18,2026-05-25,2026-06-16 00:00:00.000000,18,5.83,0
Prawns,Meat,Daily Fresh,Refrigerated,22.87,3.43,26.93,2026-05-28,2026-06-01 11:14:06.875134,3,6.67,1
Onion,Vegetable,FreshFarm Co,Room Temperature,44.95,5.26,38.27,2026-05-28,2026-06-04 11:14:06.875134,6,8.55,1
Paneer,Dairy,Daily Fresh,Frozen,26.27,6.63,11.73,2026-05-29,2026-06-01 00:00:00.000000,3,3.96,1
Wheat Flour,Grain,GreenLeaf Suppliers,Room Temperature,37.02,0.42,7.56,2026-05-15,2026-10-13 00:00:00.000000,137,88.14,1
Mango Pulp,Beverage,Daily Fresh,Dry Storage,32.96,10.39,19.45,2026-05-24,2026-06-23 00:00:00.000000,25,3.17,0
Chickpeas,Grain,Daily Fresh,Room Temperature,7.03,2.24,6.87,2026-05-11,2026-09-13 00:00:00.000000,107,3.14,0
Fish,Meat,FreshFarm Co,Dry Storage,14.58,5.58,24.75,2026-05-28,2026-05-31 00:00:00.000000,2,2.61,1
Semolina,Grain,Metro Wholesale,Frozen,12.28,0.3,12.67,2026-05-24,2026-08-06 00:00:00.000000,69,40.93,0
Butter,Dairy,Metro Wholesale,Frozen,2.22,0.35,13.75,2026-05-27,2026-06-04 00:00:00.000000,6,6.34,0
Wheat Flour,Grain,FreshFarm Co,Dry Storage,46.59,14.35,37.91,2026-05-17,2026-07-04 00:00:00.000000,36,3.25,0
Lemon,Fruit,SpiceRoute India,Dry Storage,23.96,2.85,37.76,2026-05-27,2026-06-12 00:00:00.000000,14,8.41,0
Lentils,Grain,AgriDirect,Frozen,34.61,10.16,36.01,2026-05-19,2026-10-19 00:00:00.000000,143,3.41,0
Rice,Grain,FreshFarm Co,Dry Storage,42.12,7.57,3.7,2026-05-10,2026-10-08 00:00:00.000000,132,5.56,0
Cumin,Spice,GreenLeaf Suppliers,Frozen,4.64,1.59,27.08,2026-05-27,2026-12-05 00:00:00.000000,190,2.92,0
Oats,Grain,Daily Fresh,Frozen,30.45,11.5,36.34,2026-05-10,2026-09-17 00:00:00.000000,111,2.65,0
Watermelon,Fruit,GreenLeaf Suppliers,Room Temperature,1.1,0.22,12.32,2026-05-27,2026-06-07 00:00:00.000000,9,5.0,0
Prawns,Meat,AgriDirect,Frozen,7.61,0.99,39.54,2026-05-29,2026-06-03 00:00:00.000000,5,7.69,1
Paneer,Dairy,FreshFarm Co,Room Temperature,32.12,3.58,7.0,2026-05-28,2026-05-31 00:00:00.000000,2,8.97,1
Wheat Flour,Grain,Metro Wholesale,Frozen,27.92,0.57,33.05,2026-05-20,2026-10-03 00:00:00.000000,127,48.98,0
Cheese,Dairy,Metro Wholesale,Room Temperature,8.12,1.04,25.62,2026-05-29,2026-05-31 00:00:00.000000,2,7.81,1
Capsicum,Vegetable,Metro Wholesale,Room Temperature,32.42,0.47,30.59,2026-05-27,2026-06-07 00:00:00.000000,9,68.98,1
Zucchini,Vegetable,AgriDirect,Dry Storage,22.09,2.35,27.44,2026-05-27,2026-06-07 00:00:00.000000,9,9.4,0
Orange Juice,Beverage,AgriDirect,Dry Storage,42.34,2.84,2.34,2026-05-29,2026-06-28 00:00:00.000000,30,14.91,0
Cumin,Spice,Metro Wholesale,Dry Storage,18.38,4.71,38.21,2026-04-25,2026-09-23 00:00:00.000000,117,3.9,1
Milk,Dairy,AgriDirect,Refrigerated,9.57,0.45,30.11,2026-05-27,2026-06-01 00:00:00.000000,3,21.27,1
Coconut Water,Beverage,GreenLeaf Suppliers,Dry Storage,5.24,1.26,32.93,2026-05-24,2026-06-26 00:00:00.000000,28,4.16,1
Semolina,Grain,Daily Fresh,Dry Storage,46.08,3.09,8.72,2026-05-19,2026-10-11 00:00:00.000000,135,14.91,0
Mango Pulp,Beverage,Daily Fresh,Refrigerated,6.27,0.42,0.7,2026-05-28,2026-06-19 00:00:00.000000,21,14.93,0
Coriander Powder,Spice,Daily Fresh,Frozen,9.02,1.17,29.78,2026-04-16,2027-05-21 00:00:00.000000,357,7.71,0
Orange,Fruit,SpiceRoute India,Frozen,6.7,0.44,3.14,2026-05-27,2026-06-04 00:00:00.000000,6,15.23,1
Orange Juice,Beverage,FreshFarm Co,Refrigerated,2.6,0.2,31.72,2026-05-23,2026-06-20 00:00:00.000000,22,13.0,0
Broccoli,Vegetable,GreenLeaf Suppliers,Refrigerated,15.43,0.16,3.86,2026-05-29,2026-05-31 00:00:00.000000,2,96.44,1
Wheat Flour,Grain,Metro Wholesale,Frozen,4.99,1.7,37.67,2026-05-29,2026-09-25 00:00:00.000000,119,2.94,0
Butter,Dairy,AgriDirect,Frozen,12.47,2.89,3.96,2026-05-27,2026-06-05 00:00:00.000000,7,4.31,0
Cabbage,Vegetable,SpiceRoute India,Frozen,9.0,2.74,0.17,2026-05-28,2026-06-03 00:00:00.000000,5,3.28,0
Papaya,Fruit,GreenLeaf Suppliers,Room Temperature,22.26,8.53,7.23,2026-05-28,2026-06-12 00:00:00.000000,14,2.61,0
Prawns,Meat,AgriDirect,Frozen,6.09,2.4,4.94,2026-05-28,2026-05-31 00:00:00.000000,2,2.54,1
Banana,Fruit,SpiceRoute India,Dry Storage,4.57,0.95,15.39,2026-05-29,2026-06-05 00:00:00.000000,7,4.81,0
Coriander Powder,Spice,Metro Wholesale,Room Temperature,49.26,8.49,34.27,2026-04-22,2027-03-23 00:00:00.000000,298,5.8,0
Soda,Beverage,Metro Wholesale,Dry Storage,33.77,5.41,20.91,2026-05-22,2026-06-05 00:00:00.000000,7,6.24,0
Potato,Vegetable,Daily Fresh,Room Temperature,46.3,18.11,2.59,2026-05-27,2026-06-01 00:00:00.000000,3,2.56,1
Curd,Dairy,FreshFarm Co,Room Temperature,36.4,4.13,28.54,2026-05-28,2026-06-01 00:00:00.000000,3,8.81,1
Cream,Dairy,GreenLeaf Suppliers,Room Temperature,30.36,4.97,19.38,2026-05-27,2026-06-03 00:00:00.000000,5,6.11,0
Soda,Beverage,FreshFarm Co,Refrigerated,25.12,6.35,5.38,2026-05-22,2026-06-13 00:00:00.000000,15,3.96,0
Spinach,Vegetable,SpiceRoute India,Room Temperature,19.44,5.31,6.11,2026-05-29,2026-05-31 00:00:00.000000,2,3.66,1
Spinach,Vegetable,Daily Fresh,Room Temperature,33.27,6.58,10.47,2026-05-28,2026-06-03 00:00:00.000000,5,5.06,0
Orange Juice,Beverage,Daily Fresh,Refrigerated,22.78,7.79,17.7,2026-05-23,2026-06-08 00:00:00.000000,10,2.92,1
Papaya,Fruit,SpiceRoute India,Dry Storage,21.82,2.8,15.56,2026-05-26,2026-06-03 00:00:00.000000,5,7.79,1
Lentils,Grain,SpiceRoute India,Room Temperature,27.2,5.16,22.49,2026-05-08,2026-11-16 00:00:00.000000,171,5.27,0
Mushroom,Vegetable,Daily Fresh,Dry Storage,33.99,10.44,11.38,2026-05-27,2026-06-06 00:00:00.000000,8,3.26,0
Mushroom,Vegetable,GreenLeaf Suppliers,Dry Storage,3.29,0.4,9.38,2026-05-28,2026-06-06 00:00:00.000000,8,8.22,0
Spinach,Vegetable,FreshFarm Co,Dry Storage,1.48,0.26,18.44,2026-05-29,2026-06-05 00:00:00.000000,7,5.69,0
Chickpeas,Grain,GreenLeaf Suppliers,Room Temperature,23.75,0.31,12.66,2026-05-07,2026-07-03 00:00:00.000000,35,76.61,0
Milk,Dairy,Daily Fresh,Refrigerated,33.92,4.62,20.11,2026-05-27,2026-05-31 00:00:00.000000,2,7.34,1
Curd,Dairy,GreenLeaf Suppliers,Dry Storage,25.1,8.52,31.49,2026-05-29,2026-06-03 00:00:00.000000,5,2.95,1
Wheat Flour,Grain,GreenLeaf Suppliers,Dry Storage,49.81,8.07,9.04,2026-05-20,2026-07-10 00:00:00.000000,42,6.17,0
Zucchini,Vegetable,AgriDirect,Refrigerated,3.83,1.25,19.01,2026-05-28,2026-06-05 00:00:00.000000,7,3.06,0
Orange Juice,Beverage,AgriDirect,Dry Storage,33.34,4.25,16.57,2026-05-23,2026-06-14 00:00:00.000000,16,7.84,0
Oats,Grain,FreshFarm Co,Frozen,9.73,1.99,26.43,2026-05-02,2026-11-07 00:00:00.000000,162,4.89,0
Fish,Meat,AgriDirect,Room Temperature,18.53,1.18,6.02,2026-05-29,2026-05-30 00:00:00.000000,1,15.7,1
Cheese,Dairy,GreenLeaf Suppliers,Room Temperature,10.58,1.8,32.95,2026-05-27,2026-05-31 00:00:00.000000,2,5.88,1
Cream,Dairy,Daily Fresh,Frozen,7.92,0.18,31.88,2026-05-29,2026-06-01 00:00:00.000000,3,44.0,1
Eggs,Meat,Daily Fresh,Room Temperature,8.39,0.54,10.34,2026-05-29,2026-05-30 00:00:00.000000,1,15.54,1
Garam Masala,Spice,SpiceRoute India,Frozen,39.22,0.96,35.86,2026-03-28,2026-09-17 00:00:00.000000,111,40.85,0
Paneer,Dairy,GreenLeaf Suppliers,Room Temperature,44.34,7.1,33.59,2026-05-27,2026-06-05 00:00:00.000000,7,6.25,1
Lemon,Fruit,AgriDirect,Refrigerated,25.07,1.0,23.99,2026-05-27,2026-06-11 00:00:00.000000,13,25.07,0
Butter,Dairy,SpiceRoute India,Room Temperature,46.81,4.16,4.27,2026-05-29,2026-06-05 00:00:00.000000,7,11.25,1
Cheese,Dairy,GreenLeaf Suppliers,Room Temperature,24.77,3.78,37.95,2026-05-29,2026-06-04 00:00:00.000000,6,6.55,1
Prawns,Meat,GreenLeaf Suppliers,Frozen,24.02,3.6,12.33,2026-05-28,2026-05-31 00:00:00.000000,2,6.67,1
Rice,Grain,SpiceRoute India,Refrigerated,27.86,3.52,38.34,2026-05-21,2026-08-28 00:00:00.000000,91,7.91,0
Orange Juice,Beverage,Daily Fresh,Frozen,45.53,7.22,39.12,2026-05-29,2026-06-17 00:00:00.000000,19,6.31,0
Onion,Vegetable,Metro Wholesale,Dry Storage,31.75,11.18,30.67,2026-05-28,2026-06-02 00:00:00.000000,4,2.84,1
Capsicum,Vegetable,Daily Fresh,Refrigerated,20.94,7.06,28.7,2026-05-27,2026-06-07 00:00:00.000000,9,2.97,0
Orange Juice,Beverage,SpiceRoute India,Frozen,17.92,4.36,32.54,2026-05-28,2026-06-13 00:00:00.000000,15,4.11,0
Chicken,Meat,SpiceRoute India,Refrigerated,39.66,2.25,16.03,2026-05-28,2026-05-31 00:00:00.000000,2,17.63,1
Milk,Dairy,FreshFarm Co,Refrigerated,26.06,10.11,33.22,2026-05-29,2026-06-01 00:00:00.000000,3,2.58,1
Soda,Beverage,Daily Fresh,Dry Storage,13.4,3.72,33.07,2026-05-27,2026-06-20 00:00:00.000000,22,3.6,0
Lemon,Fruit,GreenLeaf Suppliers,Room Temperature,43.88,16.59,35.37,2026-05-26,2026-06-03 00:00:00.000000,5,2.64,1
Cabbage,Vegetable,FreshFarm Co,Frozen,13.46,4.6,1.99,2026-05-29,2026-06-07 00:00:00.000000,9,2.93,0
Semolina,Grain,FreshFarm Co,Frozen,47.39,2.31,28.74,2026-05-24,2026-09-30 00:00:00.000000,124,20.52,0
Prawns,Meat,Metro Wholesale,Refrigerated,47.33,15.42,10.65,2026-05-29,2026-05-31 00:00:00.000000,2,3.07,1
Mutton,Meat,Metro Wholesale,Room Temperature,49.76,5.7,27.09,2026-05-29,2026-06-03 00:00:00.000000,5,8.73,1
Mutton,Meat,GreenLeaf Suppliers,Refrigerated,31.08,11.29,14.79,2026-05-29,2026-06-01 00:00:00.000000,3,2.75,1
Chicken,Meat,Daily Fresh,Refrigerated,48.73,7.81,8.49,2026-05-28,2026-05-31 00:00:00.000000,2,6.24,1
Eggs,Meat,FreshFarm Co,Dry Storage,3.08,1.15,18.84,2026-05-29,2026-05-30 00:00:00.000000,1,2.68,1
Lentils,Grain,FreshFarm Co,Refrigerated,31.17,3.84,15.79,2026-05-13,2026-08-31 00:00:00.000000,94,8.12,0
Rice,Grain,GreenLeaf Suppliers,Frozen,24.9,3.44,18.72,2026-05-13,2026-08-10 00:00:00.000000,73,7.24,0
Garam Masala,Spice,Metro Wholesale,Room Temperature,16.01,3.55,19.97,2026-05-15,2027-01-07 00:00:00.000000,223,4.51,0
Cream,Dairy,Daily Fresh,Dry Storage,30.84,9.42,10.55,2026-05-28,2026-06-02 00:00:00.000000,4,3.27,0
Apple,Fruit,Metro Wholesale,Room Temperature,3.13,0.27,9.19,2026-05-26,2026-06-09 00:00:00.000000,11,11.59,1
Curd,Dairy,Daily Fresh,Room Temperature,2.52,0.42,28.36,2026-05-28,2026-05-31 00:00:00.000000,2,6.0,1
Chicken,Meat,FreshFarm Co,Frozen,10.58,1.27,33.4,2026-05-29,2026-06-01 00:00:00.000000,3,8.33,1
Coconut Water,Beverage,AgriDirect,Frozen,21.11,0.74,30.73,2026-05-27,2026-06-05 00:00:00.000000,7,28.53,1
Paneer,Dairy,SpiceRoute India,Dry Storage,20.01,4.77,38.05,2026-05-29,2026-06-05 00:00:00.000000,7,4.19,1
Lemon,Fruit,Daily Fresh,Refrigerated,22.98,8.78,23.77,2026-05-26,2026-06-12 00:00:00.000000,14,2.62,1
Zucchini,Vegetable,GreenLeaf Suppliers,Room Temperature,43.23,13.88,11.32,2026-05-29,2026-06-02 00:00:00.000000,4,3.11,0
Turmeric,Spice,FreshFarm Co,Room Temperature,9.31,3.6,34.62,2026-04-27,2027-03-19 00:00:00.000000,294,2.59,0
Mango Pulp,Beverage,Daily Fresh,Frozen,32.53,12.42,6.17,2026-05-25,2026-06-17 00:00:00.000000,19,2.62,0
Soda,Beverage,SpiceRoute India,Dry Storage,18.27,0.79,14.7,2026-05-27,2026-06-24 00:00:00.000000,26,23.13,0
Prawns,Meat,GreenLeaf Suppliers,Room Temperature,4.97,0.9,14.73,2026-05-28,2026-06-03 00:00:00.000000,5,5.52,0
Red Chilli,Spice,FreshFarm Co,Refrigerated,48.68,13.2,25.9,2026-04-16,2027-05-16 00:00:00.000000,352,3.69,0
Eggs,Meat,GreenLeaf Suppliers,Refrigerated,4.42,1.44,12.02,2026-05-28,2026-06-02 00:00:00.000000,4,3.07,0
Coriander Powder,Spice,AgriDirect,Frozen,28.64,6.36,36.69,2026-04-22,2027-04-02 00:00:00.000000,308,4.5,0
Oats,Grain,FreshFarm Co,Room Temperature,36.16,11.78,14.22,2026-05-08,2026-10-24 00:00:00.000000,148,3.07,0
Orange Juice,Beverage,SpiceRoute India,Refrigerated,9.39,0.77,15.72,2026-05-22,2026-06-26 00:00:00.000000,28,12.19,0
Coriander Powder,Spice,AgriDirect,Dry Storage,22.77,7.38,13.65,2026-03-05,2027-04-16 00:00:00.000000,322,3.09,0
Mango Pulp,Beverage,Metro Wholesale,Frozen,43.64,1.95,21.38,2026-05-25,2026-06-07 00:00:00.000000,9,22.38,1
Tomato,Vegetable,SpiceRoute India,Frozen,34.74,12.09,38.63,2026-05-28,2026-06-07 00:00:00.000000,9,2.87,0
Fish,Meat,SpiceRoute India,Dry Storage,4.84,0.35,7.63,2026-05-28,2026-06-02 00:00:00.000000,4,13.83,1
Cumin,Spice,Metro Wholesale,Refrigerated,7.69,0.82,33.68,2026-03-07,2027-04-30 00:00:00.000000,336,9.38,0
Wheat Flour,Grain,GreenLeaf Suppliers,Refrigerated,23.96,0.31,6.64,2026-05-25,2026-10-24 00:00:00.000000,148,77.29,0
Red Chilli,Spice,Daily Fresh,Room Temperature,29.47,2.45,22.78,2026-04-02,2026-09-06 00:00:00.000000,100,12.03,0
Carrot,Vegetable,FreshFarm Co,Refrigerated,42.51,12.56,23.83,2026-05-28,2026-06-06 00:00:00.000000,8,3.38,0
Paneer,Dairy,Daily Fresh,Room Temperature,29.76,7.32,27.15,2026-05-27,2026-06-03 00:00:00.000000,5,4.07,1
Mutton,Meat,AgriDirect,Refrigerated,29.03,6.47,10.71,2026-05-28,2026-05-30 00:00:00.000000,1,4.49,1
Chicken,Meat,AgriDirect,Room Temperature,35.03,0.39,11.52,2026-05-28,2026-06-01 00:00:00.000000,3,89.82,1
Cheese,Dairy,AgriDirect,Frozen,45.5,6.24,24.08,2026-05-27,2026-06-01 00:00:00.000000,3,7.29,1
Red Chilli,Spice,GreenLeaf Suppliers,Frozen,41.74,11.27,29.38,2026-04-06,2027-03-14 00:00:00.000000,289,3.7,0
Mango Pulp,Beverage,GreenLeaf Suppliers,Frozen,33.52,1.82,7.98,2026-05-28,2026-06-27 00:00:00.000000,29,18.42,0
Mushroom,Vegetable,GreenLeaf Suppliers,Room Temperature,28.06,11.22,14.35,2026-05-29,2026-06-03 00:00:00.000000,5,2.5,0
Cumin,Spice,AgriDirect,Frozen,17.22,0.87,9.07,2026-05-21,2026-09-12 00:00:00.000000,106,19.79,0
Fish,Meat,GreenLeaf Suppliers,Dry Storage,44.87,15.33,34.95,2026-05-28,2026-05-30 00:00:00.000000,1,2.93,1
Tomato,Vegetable,Daily Fresh,Room Temperature,39.19,9.6,34.34,2026-05-29,2026-06-01 00:00:00.000000,3,4.08,1
Rice,Grain,Metro Wholesale,Refrigerated,10.67,1.61,29.13,2026-05-02,2026-07-28 00:00:00.000000,60,6.63,0
Soda,Beverage,Metro Wholesale,Refrigerated,17.06,1.03,33.94,2026-05-24,2026-06-25 00:00:00.000000,27,16.56,0
Chicken,Meat,Daily Fresh,Frozen,25.5,0.96,14.9,2026-05-28,2026-06-01 00:00:00.000000,3,26.56,1
Cream,Dairy,Metro Wholesale,Frozen,39.47,2.26,17.15,2026-05-28,2026-06-04 00:00:00.000000,6,17.46,1
Eggs,Meat,FreshFarm Co,Dry Storage,38.62,11.11,20.69,2026-05-29,2026-06-02 00:00:00.000000,4,3.48,0
Butter,Dairy,Metro Wholesale,Room Temperature,19.97,0.39,36.9,2026-05-29,2026-06-03 00:00:00.000000,5,51.21,1
Rice,Grain,Daily Fresh,Dry Storage,34.2,7.62,12.17,2026-05-01,2026-10-08 00:00:00.000000,132,4.49,0
Paneer,Dairy,AgriDirect,Dry Storage,35.16,6.33,8.21,2026-05-29,2026-06-04 00:00:00.000000,6,5.55,0
Soda,Beverage,SpiceRoute India,Dry Storage,44.11,1.58,21.5,2026-05-26,2026-06-17 00:00:00.000000,19,27.92,0
Cumin,Spice,Metro Wholesale,Dry Storage,27.81,5.85,30.28,2026-03-25,2026-10-13 00:00:00.000000,137,4.75,0
Cabbage,Vegetable,Metro Wholesale,Dry Storage,21.43,4.38,29.28,2026-05-27,2026-06-04 00:00:00.000000,6,4.89,1
Cream,Dairy,FreshFarm Co,Dry Storage,47.1,8.51,22.9,2026-05-27,2026-05-31 00:00:00.000000,2,5.53,0
Curd,Dairy,GreenLeaf Suppliers,Frozen,33.51,10.94,22.91,2026-05-28,2026-06-02 00:00:00.000000,4,3.06,0
Eggs,Meat,FreshFarm Co,Frozen,41.23,6.02,3.92,2026-05-29,2026-06-01 00:00:00.000000,3,6.85,1
Soda,Beverage,FreshFarm Co,Refrigerated,44.48,8.53,17.85,2026-05-23,2026-06-06 00:00:00.000000,8,5.21,0
Oats,Grain,GreenLeaf Suppliers,Room Temperature,32.0,12.76,27.56,2026-05-14,2026-11-24 00:00:00.000000,179,2.51,0
Red Chilli,Spice,Metro Wholesale,Frozen,24.5,4.54,38.72,2026-05-13,2027-05-12 00:00:00.000000,348,5.4,0
Rice,Grain,Daily Fresh,Frozen,37.45,14.15,14.77,2026-05-28,2026-10-27 00:00:00.000000,151,2.65,0
Oats,Grain,FreshFarm Co,Refrigerated,14.83,3.15,4.71,2026-05-11,2026-09-30 00:00:00.000000,124,4.71,0
Butter,Dairy,Daily Fresh,Dry Storage,7.54,3.6950000000000003,1.95,2026-05-29,2026-05-31 00:00:00.000000,2,2.04,1
Curd,Dairy,SpiceRoute India,Frozen,6.56,0.98,34.82,2026-05-29,2026-06-03 00:00:00.000000,5,6.69,1
Semolina,Grain,GreenLeaf Suppliers,Room Temperature,41.81,13.96,5.31,2026-05-14,2026-10-02 00:00:00.000000,126,2.99,0
Red Chilli,Spice,SpiceRoute India,Room Temperature,43.38,5.71,31.99,2026-05-10,2027-04-13 00:00:00.000000,319,7.6,0
Prawns,Meat,Daily Fresh,Frozen,47.92,17.07,29.44,2026-05-29,2026-06-01 00:00:00.000000,3,2.81,1
Mango Pulp,Beverage,AgriDirect,Refrigerated,28.27,1.49,22.37,2026-05-25,2026-06-25 00:00:00.000000,27,18.97,0
Chickpeas,Grain,AgriDirect,Refrigerated,37.65,7.62,0.75,2026-05-23,2026-11-08 00:00:00.000000,163,4.94,0
Wheat Flour,Grain,GreenLeaf Suppliers,Refrigerated,41.57,13.97,23.18,2026-05-22,2026-08-19 00:00:00.000000,82,2.98,0
Chickpeas,Grain,Daily Fresh,Dry Storage,24.83,9.28,13.6,2026-05-28,2026-11-25 00:00:00.000000,180,2.68,0
Cabbage,Vegetable,Daily Fresh,Dry Storage,6.17,0.34,6.73,2026-05-29,2026-06-04 00:00:00.000000,6,18.15,1
Paneer,Dairy,GreenLeaf Suppliers,Frozen,8.87,2.22,13.01,2026-05-27,2026-06-03 00:00:00.000000,5,4.0,1
Capsicum,Vegetable,FreshFarm Co,Room Temperature,20.93,2.78,15.02,2026-05-29,2026-06-05 00:00:00.000000,7,7.53,0
Tomato,Vegetable,Metro Wholesale,Frozen,25.68,5.23,37.97,2026-05-28,2026-06-03 00:00:00.000000,5,4.91,1
Cheese,Dairy,FreshFarm Co,Room Temperature,20.67,2.01,35.45,2026-05-29,2026-06-03 00:00:00.000000,5,10.28,1
Lentils,Grain,Metro Wholesale,Refrigerated,39.37,4.87,16.27,2026-05-09,2026-11-17 00:00:00.000000,172,8.08,0
Garam Masala,Spice,Metro Wholesale,Frozen,49.27,15.43,21.5,2026-03-21,2027-03-06 00:00:00.000000,281,3.19,0
Oats,Grain,FreshFarm Co,Refrigerated,41.55,4.88,38.88,2026-04-29,2026-10-24 00:00:00.000000,148,8.51,1
Fish,Meat,SpiceRoute India,Dry Storage,42.2,3.67,33.63,2026-05-28,2026-06-02 00:00:00.000000,4,11.5,1
Watermelon,Fruit,GreenLeaf Suppliers,Refrigerated,35.07,4.505,29.0,2026-05-26,2026-06-02 00:00:00.000000,4,7.78,1
Mutton,Meat,SpiceRoute India,Dry Storage,48.99,13.9,10.92,2026-05-28,2026-06-01 00:00:00.000000,3,3.52,1
Butter,Dairy,Daily Fresh,Frozen,1.29,0.39,25.86,2026-05-28,2026-06-04 00:00:00.000000,6,3.31,0
Chicken,Meat,SpiceRoute India,Refrigerated,28.01,7.83,19.56,2026-05-28,2026-05-31 00:00:00.000000,2,3.58,1
Spinach,Vegetable,SpiceRoute India,Refrigerated,6.61,2.57,15.06,2026-05-27,2026-06-07 00:00:00.000000,9,2.57,0
Mutton,Meat,FreshFarm Co,Refrigerated,46.84,8.39,8.86,2026-05-28,2026-06-02 00:00:00.000000,4,5.58,1
Cream,Dairy,Metro Wholesale,Dry Storage,31.45,10.19,8.85,2026-05-27,2026-05-31 00:00:00.000000,2,3.09,1
Paneer,Dairy,Daily Fresh,Dry Storage,30.5,0.19,39.37,2026-05-27,2026-06-05 00:00:00.000000,7,160.53,1
Capsicum,Vegetable,Metro Wholesale,Room Temperature,33.16,7.55,27.3,2026-05-29,2026-06-08 00:00:00.000000,10,4.39,0
Zucchini,Vegetable,SpiceRoute India,Frozen,13.35,3.09,9.12,2026-05-29,2026-06-01 00:00:00.000000,3,4.32,1
Coconut Water,Beverage,SpiceRoute India,Frozen,34.19,12.09,0.08,2026-05-25,2026-06-05 00:00:00.000000,7,2.83,0
Turmeric,Spice,Daily Fresh,Dry Storage,6.53,3.55,19.82,2026-04-24,2027-03-23 00:00:00.000000,298,1.84,0
Onion,Vegetable,GreenLeaf Suppliers,Refrigerated,22.72,0.15,7.78,2026-05-27,2026-06-06 00:00:00.000000,8,151.47,0
Rice,Grain,SpiceRoute India,Frozen,4.18,0.49,6.58,2026-04-29,2026-10-14 00:00:00.000000,138,8.53,0
Turmeric,Spice,Daily Fresh,Refrigerated,29.83,7.51,13.37,2026-05-26,2027-04-05 00:00:00.000000,311,3.97,0
Broccoli,Vegetable,GreenLeaf Suppliers,Frozen,26.22,2.56,2.92,2026-05-28,2026-05-31 00:00:00.000000,2,10.24,1
Chicken,Meat,AgriDirect,Room Temperature,48.74,17.88,15.1,2026-05-29,2026-05-30 00:00:00.000000,1,2.73,1
Turmeric,Spice,FreshFarm Co,Frozen,24.75,3.9,2.63,2026-05-22,2027-04-10 00:00:00.000000,316,6.35,0
Rice,Grain,Daily Fresh,Dry Storage,31.06,5.17,34.58,2026-05-26,2026-10-08 00:00:00.000000,132,6.01,0
Rice,Grain,Daily Fresh,Room Temperature,21.69,5.42,4.05,2026-05-04,2026-10-24 00:00:00.000000,148,4.0,0
Turmeric,Spice,AgriDirect,Room Temperature,10.03,0.5,23.81,2026-03-15,2027-02-11 00:00:00.000000,258,20.06,0
Mango Pulp,Beverage,SpiceRoute India,Frozen,18.09,3.54,24.83,2026-05-25,2026-06-21 00:00:00.000000,23,5.11,0
Orange,Fruit,FreshFarm Co,Refrigerated,29.43,6.09,26.07,2026-05-27,2026-06-03 00:00:00.000000,5,4.83,1
Chickpeas,Grain,Metro Wholesale,Frozen,30.36,3.61,38.81,2026-05-20,2026-10-26 00:00:00.000000,150,8.41,0
Cumin,Spice,Metro Wholesale,Refrigerated,43.01,7.32,7.82,2026-03-19,2027-05-13 00:00:00.000000,349,5.88,0
Orange,Fruit,GreenLeaf Suppliers,Refrigerated,34.89,13.71,23.99,2026-05-26,2026-06-04 00:00:00.000000,6,2.54,0
Chickpeas,Grain,AgriDirect,Dry Storage,16.77,0.79,35.04,2026-05-16,2026-09-12 00:00:00.000000,106,21.23,0
Mutton,Meat,SpiceRoute India,Refrigerated,21.415,2.09,19.23,2026-05-29,2026-05-31 00:00:00.000000,2,10.25,1
Coconut Water,Beverage,Metro Wholesale,Room Temperature,41.39,0.21,0.4,2026-05-27,2026-06-17 00:00:00.000000,19,197.1,0
Rice,Grain,GreenLeaf Suppliers,Frozen,31.75,11.6,14.4,2026-05-23,2026-10-18 00:00:00.000000,142,2.74,0
Mango,Fruit,Metro Wholesale,Dry Storage,36.08,4.97,22.18,2026-05-27,2026-06-04 00:00:00.000000,6,7.26,0
Potato,Vegetable,FreshFarm Co,Dry Storage,7.29,1.94,35.4,2026-05-27,2026-05-31 00:00:00.000000,2,3.76,1
Apple,Fruit,Metro Wholesale,Room Temperature,33.21,12.51,39.08,2026-05-27,2026-06-06 00:00:00.000000,8,2.65,0
Chicken,Meat,Metro Wholesale,Refrigerated,9.99,1.57,14.97,2026-05-29,2026-05-31 00:00:00.000000,2,6.36,1
Cumin,Spice,AgriDirect,Refrigerated,15.06,0.98,9.89,2026-03-22,2026-12-01 00:00:00.000000,186,15.37,0
Curd,Dairy,Metro Wholesale,Room Temperature,39.34,12.47,24.6,2026-05-29,2026-06-05 00:00:00.000000,7,3.15,0
Eggs,Meat,Daily Fresh,Dry Storage,9.36,2.7,21.02,2026-05-28,2026-06-03 00:00:00.000000,5,3.47,0
Prawns,Meat,AgriDirect,Dry Storage,10.76,3.86,18.08,2026-05-29,2026-06-02 00:00:00.000000,4,2.79,0
Apple,Fruit,Daily Fresh,Room Temperature,46.81,7.07,22.02,2026-05-28,2026-06-10 00:00:00.000000,12,6.62,0
Capsicum,Vegetable,AgriDirect,Room Temperature,29.41,5.53,24.85,2026-05-29,2026-06-05 00:00:00.000000,7,5.32,0
Prawns,Meat,GreenLeaf Suppliers,Room Temperature,14.01,0.24,17.67,2026-05-28,2026-06-02 00:00:00.000000,4,58.38,1
Carrot,Vegetable,GreenLeaf Suppliers,Refrigerated,27.56,0.95,11.06,2026-05-27,2026-06-08 00:00:00.000000,10,29.01,0
Spinach,Vegetable,FreshFarm Co,Dry Storage,17.02,4.63,10.0,2026-05-29,2026-06-08 00:00:00.000000,10,3.68,0
Coconut Water,Beverage,SpiceRoute India,Frozen,49.92,15.05,29.59,2026-05-27,2026-06-24 00:00:00.000000,26,3.32,0
Capsicum,Vegetable,GreenLeaf Suppliers,Dry Storage,41.18,12.51,0.48,2026-05-28,2026-06-06 00:00:00.000000,8,3.29,0
Mango Pulp,Beverage,Metro Wholesale,Room Temperature,23.98,5.0,31.44,2026-05-26,2026-06-12 00:00:00.000000,14,4.8,0
Red Chilli,Spice,FreshFarm Co,Dry Storage,21.73,8.19,16.71,2026-05-05,2027-02-03 00:00:00.000000,250,2.65,0
Orange Juice,Beverage,Metro Wholesale,Dry Storage,15.63,4.64,19.99,2026-05-27,2026-06-23 00:00:00.000000,25,3.37,0
Butter,Dairy,Daily Fresh,Frozen,37.75,11.54,27.62,2026-05-27,2026-06-03 00:00:00.000000,5,3.27,1
Rice,Grain,Metro Wholesale,Refrigerated,49.72,11.34,31.97,2026-04-29,2026-08-06 00:00:00.000000,69,4.38,0
Oats,Grain,Metro Wholesale,Room Temperature,26.96,2.11,4.35,2026-05-27,2026-10-06 00:00:00.000000,130,12.78,0
Fish,Meat,Metro Wholesale,Refrigerated,2.09,0.61,19.54,2026-05-29,2026-05-30 00:00:00.000000,1,3.43,1
Mushroom,Vegetable,Metro Wholesale,Dry Storage,33.15,1.02,2.3,2026-05-28,2026-06-03 00:00:00.000000,5,32.5,1
Apple,Fruit,Daily Fresh,Room Temperature,6.89,1.21,29.73,2026-05-29,2026-06-03 00:00:00.000000,5,5.69,1
Mango Pulp,Beverage,Metro Wholesale,Frozen,40.99,10.93,6.35,2026-05-23,2026-06-14 00:00:00.000000,16,3.75,0
Soda,Beverage,AgriDirect,Frozen,23.28,5.41,29.49,2026-05-22,2026-06-15 00:00:00.000000,17,4.3,0
Fish,Meat,Daily Fresh,Dry Storage,21.05,1.59,24.71,2026-05-29,2026-06-03 00:00:00.000000,5,13.24,1
Mutton,Meat,Daily Fresh,Refrigerated,44.33,2.88,35.3,2026-05-29,2026-05-30 00:00:00.000000,1,15.39,1
Turmeric,Spice,Daily Fresh,Frozen,6.5,1.02,30.22,2026-03-20,2027-03-25 00:00:00.000000,300,6.37,0
Coconut Water,Beverage,Daily Fresh,Room Temperature,10.76,0.29,1.07,2026-05-25,2026-06-10 00:00:00.000000,12,37.1,0
Red Chilli,Spice,GreenLeaf Suppliers,Room Temperature,20.14,0.19,4.59,2026-05-05,2027-03-19 00:00:00.000000,294,106.0,0
Cream,Dairy,Daily Fresh,Room Temperature,4.59,1.24,28.54,2026-05-29,2026-06-03 00:00:00.000000,5,3.7,1
Fish,Meat,Metro Wholesale,Frozen,9.27,0.55,29.66,2026-05-29,2026-05-30 00:00:00.000000,1,16.85,1
Turmeric,Spice,Metro Wholesale,Dry Storage,9.31,2.69,35.71,2026-04-14,2027-04-09 00:00:00.000000,315,3.46,0
Chicken,Meat,Daily Fresh,Refrigerated,3.09,0.11,30.9,2026-05-28,2026-06-01 00:00:00.000000,3,28.09,1
Apple,Fruit,Metro Wholesale,Frozen,21.37,8.46,13.48,2026-05-29,2026-06-02 00:00:00.000000,4,2.53,0
Turmeric,Spice,FreshFarm Co,Frozen,2.68,0.6,32.62,2026-05-08,2026-11-20 00:00:00.000000,175,4.47,0
Cumin,Spice,AgriDirect,Frozen,6.48,0.63,14.26,2026-04-05,2027-03-17 00:00:00.000000,292,10.29,0
Fish,Meat,Daily Fresh,Refrigerated,11.39,3.03,11.14,2026-05-28,2026-05-31 00:00:00.000000,2,3.76,1
Spinach,Vegetable,Daily Fresh,Frozen,25.23,10.0,28.5,2026-05-27,2026-06-04 00:00:00.000000,6,2.52,1
Mango Pulp,Beverage,FreshFarm Co,Dry Storage,49.08,13.7,27.12,2026-05-24,2026-06-24 00:00:00.000000,26,3.58,0
Cumin,Spice,Metro Wholesale,Dry Storage,24.37,3.33,24.34,2026-03-05,2027-02-05 00:00:00.000000,252,7.32,0
Eggs,Meat,AgriDirect,Frozen,12.01,3.0,35.87,2026-05-29,2026-06-03 00:00:00.000000,5,4.0,1
Red Chilli,Spice,AgriDirect,Frozen,7.31,1.51,8.08,2026-05-22,2026-10-06 00:00:00.000000,130,4.84,0
Turmeric,Spice,SpiceRoute India,Frozen,7.15,0.98,31.48,2026-04-17,2027-04-11 00:00:00.000000,317,7.3,1
Soda,Beverage,FreshFarm Co,Dry Storage,17.47,1.52,2.16,2026-05-24,2026-06-12 00:00:00.000000,14,11.49,0
Orange,Fruit,AgriDirect,Frozen,9.59,2.45,2.58,2026-05-27,2026-06-07 00:00:00.000000,9,3.91,0
Lemon,Fruit,Metro Wholesale,Frozen,9.1,2.04,31.81,2026-05-29,2026-06-03 00:00:00.000000,5,4.46,1
Rice,Grain,SpiceRoute India,Room Temperature,8.63,0.76,16.96,2026-05-20,2026-10-25 00:00:00.000000,149,11.36,0
Butter,Dairy,SpiceRoute India,Room Temperature,43.19,8.36,38.04,2026-05-28,2026-06-01 00:00:00.000000,3,5.17,1
Mutton,Meat,Daily Fresh,Room Temperature,38.14,12.52,31.74,2026-05-28,2026-06-02 00:00:00.000000,4,3.05,0
Prawns,Meat,GreenLeaf Suppliers,Refrigerated,27.87,2.04,15.22,2026-05-29,2026-06-03 00:00:00.000000,5,13.66,1
Cheese,Dairy,FreshFarm Co,Room Temperature,35.89,2.89,36.65,2026-05-29,2026-06-02 00:00:00.000000,4,12.42,0
Coconut Water,Beverage,Daily Fresh,Room Temperature,48.54,7.31,19.58,2026-05-23,2026-06-18 00:00:00.000000,20,6.64,0
Rice,Grain,FreshFarm Co,Room Temperature,46.64,3.11,30.52,2026-05-17,2026-07-29 00:00:00.000000,61,15.0,0
Coconut Water,Beverage,SpiceRoute India,Room Temperature,34.97,9.14,37.06,2026-05-24,2026-06-27 00:00:00.000000,29,3.83,0
Banana,Fruit,GreenLeaf Suppliers,Refrigerated,35.02,9.08,10.45,2026-05-29,2026-06-11 00:00:00.000000,13,3.86,0
Cumin,Spice,Metro Wholesale,Dry Storage,6.28,0.32,28.46,2026-05-28,2026-11-17 00:00:00.000000,172,19.62,0
Garam Masala,Spice,AgriDirect,Refrigerated,8.71,1.54,27.67,2026-04-05,2026-12-01 00:00:00.000000,186,5.66,0
Lentils,Grain,AgriDirect,Room Temperature,20.87,7.33,29.11,2026-05-06,2026-09-14 00:00:00.000000,108,2.85,0
Garam Masala,Spice,Metro Wholesale,Dry Storage,46.54,7.47,12.32,2026-05-03,2027-01-11 00:00:00.000000,227,6.23,0
Soda,Beverage,FreshFarm Co,Refrigerated,26.49,6.97,29.32,2026-05-23,2026-06-07 00:00:00.000000,9,3.8,0
Curd,Dairy,Metro Wholesale,Frozen,25.38,1.21,22.68,2026-05-29,2026-06-03 00:00:00.000000,5,20.98,1
Lemon,Fruit,Metro Wholesale,Frozen,22.32,8.16,4.37,2026-05-26,2026-06-05 00:00:00.000000,7,2.74,0
Capsicum,Vegetable,Daily Fresh,Refrigerated,3.68,0.14,9.39,2026-05-28,2026-06-01 00:00:00.000000,3,26.29,1
Orange Juice,Beverage,FreshFarm Co,Refrigerated,33.43,10.57,1.67,2026-05-29,2026-06-13 00:00:00.000000,15,3.16,0
Orange Juice,Beverage,AgriDirect,Room Temperature,46.64,8.88,13.48,2026-05-25,2026-06-21 00:00:00.000000,23,5.25,0
Cream,Dairy,GreenLeaf Suppliers,Dry Storage,33.42,5.12,2.29,2026-05-28,2026-06-01 00:00:00.000000,3,6.53,1
Paneer,Dairy,Daily Fresh,Refrigerated,36.4,12.94,5.55,2026-05-28,2026-06-05 00:00:00.000000,7,2.81,0
Coconut Water,Beverage,GreenLeaf Suppliers,Frozen,25.99,6.9,0.13,2026-05-22,2026-06-19 00:00:00.000000,21,3.77,0
Coconut Water,Beverage,SpiceRoute India,Refrigerated,48.5,14.3,27.12,2026-05-29,2026-06-16 00:00:00.000000,18,3.39,0
Prawns,Meat,GreenLeaf Suppliers,Refrigerated,49.35,16.93,36.21,2026-05-28,2026-06-02 00:00:00.000000,4,2.91,1
Milk,Dairy,SpiceRoute India,Frozen,43.87,13.79,28.67,2026-05-27,2026-06-01 00:00:00.000000,3,3.18,0
Chicken,Meat,SpiceRoute India,Dry Storage,8.82,1.63,4.63,2026-05-28,2026-06-03 00:00:00.000000,5,5.41,0
Mango,Fruit,Metro Wholesale,Frozen,5.72,2.27,1.17,2026-05-29,2026-06-11 00:00:00.000000,13,2.52,0
Cheese,Dairy,Metro Wholesale,Dry Storage,33.46,12.74,26.82,2026-05-28,2026-06-05 00:00:00.000000,7,2.63,1
Lentils,Grain,FreshFarm Co,Room Temperature,11.58,2.71,36.95,2026-05-02,2026-09-21 00:00:00.000000,115,4.27,0
Cheese,Dairy,SpiceRoute India,Room Temperature,48.33,8.5,9.33,2026-05-27,2026-06-05 00:00:00.000000,7,5.69,0
Paneer,Dairy,FreshFarm Co,Refrigerated,29.81,2.32,37.68,2026-05-27,2026-06-02 00:00:00.000000,4,12.85,1
Orange,Fruit,Daily Fresh,Dry Storage,15.88,3.79,7.59,2026-05-29,2026-06-10 00:00:00.000000,12,4.19,0
Fish,Meat,SpiceRoute India,Dry Storage,5.78,0.12,34.09,2026-05-29,2026-05-31 00:00:00.000000,2,48.17,1
Coconut Water,Beverage,Daily Fresh,Frozen,7.8,0.96,29.88,2026-05-22,2026-06-26 00:00:00.000000,28,8.12,0
Orange Juice,Beverage,GreenLeaf Suppliers,Dry Storage,14.04,4.78,22.96,2026-05-28,2026-06-21 00:00:00.000000,23,2.94,0
Banana,Fruit,SpiceRoute India,Dry Storage,49.07,6.61,33.12,2026-05-29,2026-06-07 00:00:00.000000,9,7.42,0
Cumin,Spice,Metro Wholesale,Refrigerated,15.31,5.01,36.5,2026-04-09,2027-05-03 00:00:00.000000,339,3.06,0
Cabbage,Vegetable,GreenLeaf Suppliers,Room Temperature,23.93,3.4,15.65,2026-05-27,2026-06-06 00:00:00.000000,8,7.04,0
Coriander Powder,Spice,SpiceRoute India,Dry Storage,42.88,6.81,5.24,2026-03-01,2026-12-04 00:00:00.000000,189,6.3,0
Rice,Grain,Daily Fresh,Dry Storage,7.31,2.07,11.64,2026-05-11,2026-08-08 00:00:00.000000,71,3.53,0
Orange,Fruit,SpiceRoute India,Frozen,18.43,6.33,4.08,2026-05-29,2026-06-11 00:00:00.000000,13,2.91,0
Mango Pulp,Beverage,Daily Fresh,Room Temperature,46.34,1.87,38.97,2026-05-27,2026-06-26 00:00:00.000000,28,24.78,0
Spinach,Vegetable,AgriDirect,Dry Storage,31.54,5.16,1.36,2026-05-29,2026-06-06 00:00:00.000000,8,6.11,0
Fish,Meat,SpiceRoute India,Frozen,39.0,13.51,26.01,2026-05-29,2026-06-02 00:00:00.000000,4,2.89,1
Red Chilli,Spice,FreshFarm Co,Dry Storage,4.59,0.95,26.75,2026-05-15,2026-10-27 00:00:00.000000,151,4.83,0
Zucchini,Vegetable,GreenLeaf Suppliers,Room Temperature,9.46,1.88,25.78,2026-05-27,2026-06-01 00:00:00.000000,3,5.03,1
Wheat Flour,Grain,GreenLeaf Suppliers,Refrigerated,45.49,14.49,7.4,2026-05-07,2026-07-14 00:00:00.000000,46,3.14,0
Mushroom,Vegetable,FreshFarm Co,Room Temperature,27.18,8.92,26.07,2026-05-27,2026-06-08 00:00:00.000000,10,3.05,0
Watermelon,Fruit,Metro Wholesale,Refrigerated,0.76,0.19,12.57,2026-05-28,2026-06-10 00:00:00.000000,12,4.0,1
Wheat Flour,Grain,FreshFarm Co,Frozen,42.65,0.69,39.2,2026-05-21,2026-11-18 00:00:00.000000,173,61.81,0
Milk,Dairy,Daily Fresh,Frozen,12.79,0.33,37.83,2026-05-29,2026-06-05 00:00:00.000000,7,38.76,1
Cream,Dairy,Metro Wholesale,Room Temperature,34.91,7.35,39.44,2026-05-28,2026-06-04 00:00:00.000000,6,4.75,1
Chickpeas,Grain,SpiceRoute India,Frozen,41.08,3.97,7.52,2026-05-08,2026-07-23 00:00:00.000000,55,10.35,0
Mango Pulp,Beverage,AgriDirect,Frozen,29.79,3.38,29.16,2026-05-26,2026-06-22 00:00:00.000000,24,8.81,0
Semolina,Grain,Daily Fresh,Dry Storage,23.08,8.73,27.06,2026-05-17,2026-08-08 00:00:00.000000,71,2.64,0
Papaya,Fruit,FreshFarm Co,Frozen,49.77,13.9,7.71,2026-05-27,2026-06-11 00:00:00.000000,13,3.58,0
Garam Masala,Spice,Daily Fresh,Frozen,49.63,8.67,1.04,2026-04-19,2026-11-13 00:00:00.000000,168,5.72,0
Capsicum,Vegetable,AgriDirect,Refrigerated,25.68,0.82,25.61,2026-05-27,2026-06-01 00:00:00.000000,3,31.32,1
Butter,Dairy,Metro Wholesale,Frozen,5.35,2.1,8.89,2026-05-29,2026-06-02 00:00:00.000000,4,2.55,0
Orange Juice,Beverage,AgriDirect,Frozen,29.65,9.59,3.82,2026-05-25,2026-06-28 00:00:00.000000,30,3.09,0
Semolina,Grain,AgriDirect,Dry Storage,2.87,0.43,30.07,2026-05-01,2026-07-23 00:00:00.000000,55,6.67,0
Soda,Beverage,AgriDirect,Room Temperature,0.97,0.25,6.22,2026-05-25,2026-06-09 00:00:00.000000,11,3.88,0
Eggs,Meat,FreshFarm Co,Dry Storage,34.07,5.76,18.31,2026-05-29,2026-06-01 00:00:00.000000,3,5.91,1
Cheese,Dairy,GreenLeaf Suppliers,Dry Storage,47.11,16.62,32.56,2026-05-27,2026-06-03 00:00:00.000000,5,2.83,1
Orange Juice,Beverage,Daily Fresh,Dry Storage,31.92,1.07,9.6,2026-05-28,2026-06-15 00:00:00.000000,17,29.83,0
Rice,Grain,SpiceRoute India,Refrigerated,46.51,15.06,0.43,2026-05-12,2026-09-09 00:00:00.000000,103,3.09,0
Garam Masala,Spice,Daily Fresh,Frozen,34.41,9.35,21.3,2026-03-25,2027-05-08 00:00:00.000000,344,3.68,0
Zucchini,Vegetable,SpiceRoute India,Frozen,21.54,4.65,13.8,2026-05-27,2026-05-31 00:00:00.000000,2,4.63,1
Garam Masala,Spice,AgriDirect,Refrigerated,33.89,11.97,20.94,2026-05-08,2027-04-13 00:00:00.000000,319,2.83,0
Carrot,Vegetable,AgriDirect,Frozen,21.42,3.31,14.93,2026-05-29,2026-06-05 00:00:00.000000,7,6.47,0
Cumin,Spice,GreenLeaf Suppliers,Refrigerated,15.03,1.36,29.52,2026-03-29,2027-01-27 00:00:00.000000,243,11.05,0
Apple,Fruit,Daily Fresh,Refrigerated,3.35,0.11,18.41,2026-05-26,2026-06-10 00:00:00.000000,12,30.45,0
Tomato,Vegetable,SpiceRoute India,Dry Storage,18.05,0.82,19.68,2026-05-28,2026-06-02 00:00:00.000000,4,22.01,1
Wheat Flour,Grain,FreshFarm Co,Room Temperature,8.2,2.19,9.04,2026-05-29,2026-10-30 00:00:00.000000,154,3.74,0
Butter,Dairy,Metro Wholesale,Room Temperature,5.88,1.09,33.57,2026-05-28,2026-06-04 00:00:00.000000,6,5.39,1
Cream,Dairy,FreshFarm Co,Room Temperature,10.32,0.86,1.61,2026-05-27,2026-06-02 00:00:00.000000,4,12.0,1
Coriander Powder,Spice,Metro Wholesale,Refrigerated,48.01,18.88,4.75,2026-03-29,2026-12-06 00:00:00.000000,191,2.54,0
Mutton,Meat,Daily Fresh,Dry Storage,7.01,2.69,31.71,2026-05-28,2026-06-03 00:00:00.000000,5,2.61,1
Milk,Dairy,SpiceRoute India,Refrigerated,34.08,4.73,39.06,2026-05-29,2026-06-01 00:00:00.000000,3,7.21,1
Prawns,Meat,GreenLeaf Suppliers,Dry Storage,38.16,3.86,6.1,2026-05-29,2026-06-02 00:00:00.000000,4,9.89,1
Apple,Fruit,GreenLeaf Suppliers,Refrigerated,33.48,5.8,18.96,2026-05-28,2026-06-12 00:00:00.000000,14,5.77,0
Cabbage,Vegetable,Metro Wholesale,Frozen,6.46,1.1,10.95,2026-05-29,2026-06-02 00:00:00.000000,4,5.87,0
Banana,Fruit,AgriDirect,Refrigerated,43.29,6.65,21.0,2026-05-29,2026-06-04 00:00:00.000000,6,6.51,0
Mango,Fruit,Daily Fresh,Dry Storage,25.74,6.66,12.17,2026-05-29,2026-06-08 00:00:00.000000,10,3.86,0
Butter,Dairy,Metro Wholesale,Room Temperature,9.5,0.1,26.42,2026-05-29,2026-06-02 00:00:00.000000,4,95.0,1
Cheese,Dairy,AgriDirect,Dry Storage,9.65,3.67,14.54,2026-05-28,2026-05-31 00:00:00.000000,2,2.63,1
Tomato,Vegetable,GreenLeaf Suppliers,Frozen,40.6,12.09,23.56,2026-05-27,2026-06-05 00:00:00.000000,7,3.36,0
Watermelon,Fruit,Metro Wholesale,Dry Storage,4.82,0.29,25.18,2026-05-26,2026-06-10 00:00:00.000000,12,16.62,0
Zucchini,Vegetable,Metro Wholesale,Frozen,4.21,0.97,13.72,2026-05-29,2026-06-07 00:00:00.000000,9,4.34,0
Mango Pulp,Beverage,FreshFarm Co,Frozen,21.2,6.06,35.66,2026-05-26,2026-06-09 00:00:00.000000,11,3.5,0
Coconut Water,Beverage,Daily Fresh,Dry Storage,45.59,1.33,16.76,2026-05-28,2026-06-25 00:00:00.000000,27,34.28,0
Rice,Grain,AgriDirect,Frozen,48.39,5.68,38.23,2026-05-07,2026-09-06 00:00:00.000000,100,8.52,0
Cumin,Spice,Daily Fresh,Room Temperature,48.59,3.3,30.03,2026-03-25,2027-05-26 00:00:00.000000,362,14.72,0
Soda,Beverage,AgriDirect,Room Temperature,9.61,0.7,8.71,2026-05-26,2026-06-13 00:00:00.000000,15,13.73,0
Soda,Beverage,GreenLeaf Suppliers,Dry Storage,35.56,7.9,6.84,2026-05-25,2026-06-12 00:00:00.000000,14,4.5,1
Apple,Fruit,SpiceRoute India,Refrigerated,46.4,5.09,31.62,2026-05-27,2026-06-03 00:00:00.000000,5,9.12,1
Orange,Fruit,AgriDirect,Frozen,32.61,8.29,38.89,2026-05-29,2026-06-02 00:00:00.000000,4,3.93,1
Garam Masala,Spice,SpiceRoute India,Dry Storage,44.97,5.38,39.41,2026-04-07,2026-11-03 00:00:00.000000,158,8.36,0
Carrot,Vegetable,SpiceRoute India,Frozen,13.17,0.18,26.29,2026-05-29,2026-06-04 00:00:00.000000,6,73.17,1
Orange Juice,Beverage,SpiceRoute India,Room Temperature,40.93,3.69,10.75,2026-05-26,2026-06-13 00:00:00.000000,15,11.09,0
Soda,Beverage,Daily Fresh,Frozen,18.75,6.78,3.75,2026-05-23,2026-06-12 00:00:00.000000,14,2.77,0
Orange,Fruit,Metro Wholesale,Frozen,47.2,3.49,11.28,2026-05-26,2026-06-10 00:00:00.000000,12,13.52,0
Orange,Fruit,SpiceRoute India,Room Temperature,3.94,0.21,9.81,2026-05-28,2026-06-10 00:00:00.000000,12,18.76,0
Chicken,Meat,SpiceRoute India,Frozen,19.2,0.26,33.06,2026-05-29,2026-05-30 00:00:00.000000,1,73.85,1
Turmeric,Spice,Metro Wholesale,Frozen,7.56,1.93,0.54,2026-04-25,2026-10-08 00:00:00.000000,132,3.92,0
Orange Juice,Beverage,SpiceRoute India,Dry Storage,7.39,2.27,35.7,2026-05-26,2026-06-07 00:00:00.000000,9,3.26,0
Butter,Dairy,Metro Wholesale,Room Temperature,27.4,3.0,21.74,2026-05-29,2026-06-01 00:00:00.000000,3,9.13,0
Spinach,Vegetable,FreshFarm Co,Dry Storage,7.52,2.75,0.96,2026-05-28,2026-06-08 00:00:00.000000,10,2.73,0
Apple,Fruit,Metro Wholesale,Dry Storage,34.49,9.89,36.06,2026-05-26,2026-06-11 00:00:00.000000,13,3.49,0
Onion,Vegetable,GreenLeaf Suppliers,Refrigerated,30.98,1.55,36.93,2026-05-29,2026-06-05 00:00:00.000000,7,19.99,1
Zucchini,Vegetable,Metro Wholesale,Frozen,17.07,1.32,17.01,2026-05-27,2026-06-06 00:00:00.000000,8,12.93,0
Coriander Powder,Spice,GreenLeaf Suppliers,Dry Storage,45.85,12.17,37.32,2026-04-25,2026-10-19 00:00:00.000000,143,3.77,0
Turmeric,Spice,Metro Wholesale,Refrigerated,7.82,1.45,31.87,2026-04-19,2026-11-10 00:00:00.000000,165,5.39,0
Orange Juice,Beverage,AgriDirect,Refrigerated,7.66,1.06,5.1,2026-05-25,2026-06-18 00:00:00.000000,20,7.23,0
Butter,Dairy,Daily Fresh,Room Temperature,48.66,11.75,25.46,2026-05-27,2026-06-03 00:00:00.000000,5,4.14,1
Cumin,Spice,Daily Fresh,Room Temperature,26.92,5.78,32.86,2026-03-22,2027-05-08 00:00:00.000000,344,4.66,0
Lentils,Grain,AgriDirect,Room Temperature,34.83,10.45,28.12,2026-05-05,2026-11-22 00:00:00.000000,177,3.33,0
Onion,Vegetable,GreenLeaf Suppliers,Refrigerated,47.9,17.65,2.38,2026-05-28,2026-06-08 00:00:00.000000,10,2.71,0
Mango Pulp,Beverage,Daily Fresh,Dry Storage,12.5,4.16,2.23,2026-05-23,2026-06-09 00:00:00.000000,11,3.0,0
Cumin,Spice,SpiceRoute India,Room Temperature,48.26,7.24,28.06,2026-03-01,2026-09-09 00:00:00.000000,103,6.67,0
Broccoli,Vegetable,FreshFarm Co,Frozen,7.49,0.81,0.5,2026-05-28,2026-06-02 00:00:00.000000,4,9.25,1
Mutton,Meat,Daily Fresh,Frozen,23.77,6.9,17.76,2026-05-28,2026-05-31 00:00:00.000000,2,3.44,1
Capsicum,Vegetable,Metro Wholesale,Refrigerated,2.09,0.65,20.13,2026-05-27,2026-05-31 00:00:00.000000,2,3.22,0
Soda,Beverage,AgriDirect,Room Temperature,46.0,9.28,28.37,2026-05-25,2026-06-27 00:00:00.000000,29,4.96,0
Apple,Fruit,AgriDirect,Refrigerated,37.29,6.03,2.24,2026-05-28,2026-06-07 00:00:00.000000,9,6.18,0
Orange Juice,Beverage,Daily Fresh,Room Temperature,41.45,2.82,32.13,2026-05-23,2026-06-15 00:00:00.000000,17,14.7,0
Apple,Fruit,FreshFarm Co,Refrigerated,30.36,10.3,1.12,2026-05-27,2026-06-02 00:00:00.000000,4,2.95,0
Rice,Grain,Metro Wholesale,Refrigerated,45.53,3.5,8.07,2026-05-05,2026-06-30 00:00:00.000000,32,13.01,0
Apple,Fruit,AgriDirect,Refrigerated,28.41,9.0,1.83,2026-05-29,2026-06-10 00:00:00.000000,12,3.16,0
Paneer,Dairy,GreenLeaf Suppliers,Dry Storage,10.15,3.08,29.03,2026-05-27,2026-06-03 00:00:00.000000,5,3.3,1
Turmeric,Spice,Daily Fresh,Dry Storage,25.36,7.88,0.95,2026-05-17,2027-05-11 00:00:00.000000,347,3.22,0
Eggs,Meat,GreenLeaf Suppliers,Refrigerated,34.28,1.17,25.04,2026-05-29,2026-05-31 00:00:00.000000,2,29.3,1
Mango,Fruit,SpiceRoute India,Frozen,22.65,1.28,11.63,2026-05-27,2026-06-03 00:00:00.000000,5,17.7,1
Chicken,Meat,Metro Wholesale,Room Temperature,47.92,10.91,39.78,2026-05-29,2026-05-31 00:00:00.000000,2,4.39,1
Potato,Vegetable,AgriDirect,Dry Storage,5.16,0.72,37.36,2026-05-28,2026-06-01 00:00:00.000000,3,7.17,1
Milk,Dairy,GreenLeaf Suppliers,Dry Storage,9.37,2.92,10.32,2026-05-29,2026-05-31 00:00:00.000000,2,3.21,1
Cheese,Dairy,FreshFarm Co,Frozen,2.46,0.86,16.04,2026-05-28,2026-06-04 00:00:00.000000,6,2.86,0
Cumin,Spice,GreenLeaf Suppliers,Room Temperature,47.63,7.18,27.29,2026-03-11,2027-05-16 00:00:00.000000,352,6.63,0
Cream,Dairy,AgriDirect,Refrigerated,37.18,3.72,32.85,2026-05-29,2026-06-05 00:00:00.000000,7,9.99,0
Orange Juice,Beverage,Daily Fresh,Dry Storage,42.76,3.89,34.97,2026-05-23,2026-06-10 00:00:00.000000,12,10.99,0
Cheese,Dairy,SpiceRoute India,Room Temperature,5.9,0.51,4.33,2026-05-28,2026-06-04 00:00:00.000000,6,11.57,1
Prawns,Meat,Daily Fresh,Frozen,16.21,6.46,19.45,2026-05-29,2026-06-01 00:00:00.000000,3,2.51,1
Chicken,Meat,Daily Fresh,Dry Storage,47.45,2.85,8.54,2026-05-29,2026-05-30 00:00:00.000000,1,16.65,1
Oats,Grain,GreenLeaf Suppliers,Refrigerated,11.06,1.01,0.92,2026-05-14,2026-10-16 00:00:00.000000,140,10.95,0
Fish,Meat,SpiceRoute India,Dry Storage,7.52,0.9,3.27,2026-05-29,2026-05-31 00:00:00.000000,2,8.36,1
Prawns,Meat,SpiceRoute India,Frozen,41.61,1.63,36.07,2026-05-29,2026-06-01 00:00:00.000000,3,25.53,1
Coconut Water,Beverage,Metro Wholesale,Frozen,24.34,5.26,31.35,2026-05-23,2026-06-16 00:00:00.000000,18,4.63,0
Fish,Meat,FreshFarm Co,Room Temperature,4.35,1.2,24.66,2026-05-29,2026-06-03 00:00:00.000000,5,3.62,0
Coconut Water,Beverage,Metro Wholesale,Refrigerated,25.22,3.26,31.68,2026-05-27,2026-06-19 00:00:00.000000,21,7.74,0
Milk,Dairy,Daily Fresh,Refrigerated,22.74,8.82,3.9,2026-05-27,2026-06-01 00:00:00.000000,3,2.58,1
Banana,Fruit,AgriDirect,Frozen,17.73,6.76,38.87,2026-05-28,2026-06-07 00:00:00.000000,9,2.62,0
Carrot,Vegetable,FreshFarm Co,Dry Storage,25.35,8.81,27.97,2026-05-28,2026-06-04 00:00:00.000000,6,2.88,1
Prawns,Meat,GreenLeaf Suppliers,Room Temperature,26.4,8.1,4.54,2026-05-28,2026-06-01 00:00:00.000000,3,3.26,1
Fish,Meat,AgriDirect,Frozen,27.37,4.24,33.8,2026-05-29,2026-06-03 00:00:00.000000,5,6.46,1
Fish,Meat,FreshFarm Co,Refrigerated,32.66,8.09,16.45,2026-05-29,2026-05-30 00:00:00.000000,1,4.04,1
Orange Juice,Beverage,AgriDirect,Room Temperature,33.55,11.44,8.47,2026-05-29,2026-06-23 00:00:00.000000,25,2.93,0
Oats,Grain,Metro Wholesale,Refrigerated,6.66,2.58,36.56,2026-04-29,2026-10-26 00:00:00.000000,150,2.58,0
Soda,Beverage,GreenLeaf Suppliers,Refrigerated,13.75,3.66,12.3,2026-05-25,2026-06-12 00:00:00.000000,14,3.76,0
Mutton,Meat,Daily Fresh,Refrigerated,1.8,0.59,33.63,2026-05-29,2026-05-30 00:00:00.000000,1,3.05,1
Garam Masala,Spice,GreenLeaf Suppliers,Dry Storage,49.65,4.88,38.94,2026-03-17,2026-11-22 00:00:00.000000,177,10.17,0
Red Chilli,Spice,AgriDirect,Refrigerated,47.0,7.4,29.12,2026-05-13,2027-04-03 00:00:00.000000,309,6.35,0
Milk,Dairy,Daily Fresh,Frozen,35.65,1.89,4.73,2026-05-29,2026-06-01 00:00:00.000000,3,18.86,1
Fish,Meat,GreenLeaf Suppliers,Frozen,5.12,0.95,25.16,2026-05-29,2026-05-31 00:00:00.000000,2,5.39,1
Zucchini,Vegetable,AgriDirect,Refrigerated,37.25,2.03,18.15,2026-05-29,2026-06-06 00:00:00.000000,8,18.35,0
Curd,Dairy,SpiceRoute India,Frozen,10.09,3.41,29.05,2026-05-28,2026-06-01 00:00:00.000000,3,2.96,1
Fish,Meat,GreenLeaf Suppliers,Refrigerated,31.56,8.1,23.17,2026-05-29,2026-05-30 00:00:00.000000,1,3.9,1
Eggs,Meat,FreshFarm Co,Refrigerated,13.47,1.06,3.1,2026-05-28,2026-05-31 00:00:00.000000,2,12.71,1
Mango Pulp,Beverage,FreshFarm Co,Room Temperature,20.98,4.13,25.03,2026-05-29,2026-06-20 00:00:00.000000,22,5.08,0
Prawns,Meat,SpiceRoute India,Dry Storage,9.4,0.14,7.15,2026-05-29,2026-06-02 00:00:00.000000,4,67.14,1
Rice,Grain,GreenLeaf Suppliers,Refrigerated,49.75,11.98,0.2,2026-05-14,2026-09-24 00:00:00.000000,118,4.15,0
Paneer,Dairy,AgriDirect,Frozen,1.64,0.38,6.09,2026-05-27,2026-05-31 00:00:00.000000,2,4.32,1
Onion,Vegetable,GreenLeaf Suppliers,Refrigerated,4.63,1.31,5.06,2026-05-29,2026-06-02 00:00:00.000000,4,3.53,0
Lemon,Fruit,SpiceRoute India,Dry Storage,23.62,7.66,17.44,2026-05-27,2026-06-09 00:00:00.000000,11,3.08,0
Apple,Fruit,Metro Wholesale,Frozen,48.11,2.07,31.73,2026-05-27,2026-06-11 00:00:00.000000,13,23.24,1
Orange,Fruit,SpiceRoute India,Frozen,44.2,7.55,29.88,2026-05-26,2026-06-08 00:00:00.000000,10,5.85,0
Rice,Grain,Daily Fresh,Room Temperature,17.97,6.46,32.77,2026-05-11,2026-08-18 00:00:00.000000,81,2.78,0
Cabbage,Vegetable,AgriDirect,Dry Storage,30.39,10.68,38.02,2026-05-28,2026-06-06 00:00:00.000000,8,2.85,0
Chicken,Meat,Metro Wholesale,Refrigerated,39.65,5.74,2.91,2026-05-28,2026-06-01 00:00:00.000000,3,6.91,1
Curd,Dairy,FreshFarm Co,Dry Storage,34.57,9.94,8.55,2026-05-28,2026-05-31 00:00:00.000000,2,3.48,1
Curd,Dairy,Daily Fresh,Refrigerated,11.0,1.04,22.44,2026-05-27,2026-06-02 00:00:00.000000,4,10.58,1
Orange Juice,Beverage,SpiceRoute India,Room Temperature,40.76,3.31,1.99,2026-05-24,2026-06-18 00:00:00.000000,20,12.31,0
Capsicum,Vegetable,FreshFarm Co,Room Temperature,8.97,1.24,15.31,2026-05-28,2026-06-01 00:00:00.000000,3,7.23,1
Paneer,Dairy,Daily Fresh,Refrigerated,42.16,6.85,35.83,2026-05-29,2026-06-02 00:00:00.000000,4,6.15,1
Carrot,Vegetable,FreshFarm Co,Refrigerated,41.58,6.96,12.04,2026-05-29,2026-06-07 00:00:00.000000,9,5.97,0
Cheese,Dairy,AgriDirect,Refrigerated,30.81,4.91,27.86,2026-05-28,2026-06-02 00:00:00.000000,4,6.27,1
Orange Juice,Beverage,AgriDirect,Dry Storage,11.59,3.84,5.55,2026-05-29,2026-06-08 00:00:00.000000,10,3.02,0
Soda,Beverage,Metro Wholesale,Frozen,36.34,11.83,32.65,2026-05-26,2026-06-07 00:00:00.000000,9,3.07,0
Tomato,Vegetable,FreshFarm Co,Dry Storage,47.38,1.51,13.17,2026-05-29,2026-06-01 00:00:00.000000,3,31.38,1
Soda,Beverage,SpiceRoute India,Dry Storage,29.38,1.5,12.77,2026-05-27,2026-06-10 00:00:00.000000,12,19.59,0
Oats,Grain,SpiceRoute India,Room Temperature,26.62,6.2,26.45,2026-05-13,2026-07-29 00:00:00.000000,61,4.29,0
Cream,Dairy,Metro Wholesale,Room Temperature,38.43,10.96,14.12,2026-05-28,2026-05-31 00:00:00.000000,2,3.51,1
Watermelon,Fruit,SpiceRoute India,Frozen,48.6,1.27,0.53,2026-05-29,2026-06-02 00:00:00.000000,4,38.27,1
Soda,Beverage,Daily Fresh,Frozen,10.83,2.6,21.11,2026-05-24,2026-06-08 00:00:00.000000,10,4.17,0
Coconut Water,Beverage,SpiceRoute India,Room Temperature,45.75,4.08,14.55,2026-05-28,2026-06-09 00:00:00.000000,11,11.21,0
Mango Pulp,Beverage,Metro Wholesale,Room Temperature,21.44,5.92,38.06,2026-05-25,2026-06-07 00:00:00.000000,9,3.62,0
Potato,Vegetable,FreshFarm Co,Room Temperature,1.32,0.3,10.67,2026-05-29,2026-06-01 00:00:00.000000,3,4.4,1
Oats,Grain,GreenLeaf Suppliers,Dry Storage,27.74,4.0,8.48,2026-04-30,2026-07-28 00:00:00.000000,60,6.94,0
Eggs,Meat,FreshFarm Co,Dry Storage,18.8,0.46,15.3,2026-05-28,2026-06-02 00:00:00.000000,4,40.87,1
Apple,Fruit,Daily Fresh,Frozen,26.71,5.32,17.34,2026-05-27,2026-06-03 00:00:00.000000,5,5.02,0
Cumin,Spice,Metro Wholesale,Refrigerated,44.81,10.35,9.55,2026-05-23,2026-10-24 00:00:00.000000,148,4.33,0
Curd,Dairy,Daily Fresh,Room Temperature,11.38,3.77,27.67,2026-05-29,2026-06-03 00:00:00.000000,5,3.02,1
Orange,Fruit,GreenLeaf Suppliers,Frozen,35.44,4.15,0.12,2026-05-27,2026-06-11 00:00:00.000000,13,8.54,0
Garam Masala,Spice,SpiceRoute India,Room Temperature,12.31,1.62,2.78,2026-03-02,2027-01-30 00:00:00.000000,246,7.6,0
Mutton,Meat,SpiceRoute India,Refrigerated,21.415,1.29,10.55,2026-05-28,2026-06-02 00:00:00.000000,4,16.6,1
Turmeric,Spice,Daily Fresh,Dry Storage,43.72,8.32,1.81,2026-03-28,2026-08-27 00:00:00.000000,90,5.25,1
Coriander Powder,Spice,AgriDirect,Frozen,37.87,11.77,4.0,2026-05-08,2027-05-11 00:00:00.000000,347,3.22,0
Cheese,Dairy,SpiceRoute India,Room Temperature,13.24,2.63,14.57,2026-05-27,2026-06-02 00:00:00.000000,4,5.03,1
Butter,Dairy,AgriDirect,Dry Storage,24.48,2.72,20.77,2026-05-27,2026-06-05 00:00:00.000000,7,9.0,0
Banana,Fruit,SpiceRoute India,Frozen,25.14,2.53,29.64,2026-05-27,2026-06-03 00:00:00.000000,5,9.94,1
Curd,Dairy,Metro Wholesale,Refrigerated,5.84,0.71,25.08,2026-05-27,2026-06-03 00:00:00.000000,5,8.23,1
Eggs,Meat,GreenLeaf Suppliers,Frozen,19.86,3.37,39.76,2026-05-28,2026-06-01 00:00:00.000000,3,5.89,1
Zucchini,Vegetable,AgriDirect,Dry Storage,39.87,9.08,31.7,2026-05-28,2026-06-01 00:00:00.000000,3,4.39,1
Tomato,Vegetable,SpiceRoute India,Room Temperature,34.21,7.21,11.59,2026-05-28,2026-06-02 00:00:00.000000,4,4.74,0
Apple,Fruit,GreenLeaf Suppliers,Room Temperature,1.27,0.12,11.32,2026-05-27,2026-06-02 00:00:00.000000,4,10.58,1
Broccoli,Vegetable,FreshFarm Co,Dry Storage,33.18,0.11,10.06,2026-05-28,2026-06-06 00:00:00.000000,8,301.64,0
Milk,Dairy,FreshFarm Co,Frozen,7.56,2.24,17.28,2026-05-28,2026-06-05 00:00:00.000000,7,3.37,0
Curd,Dairy,Daily Fresh,Refrigerated,40.68,10.4,16.9,2026-05-29,2026-06-02 00:00:00.000000,4,3.91,0
Capsicum,Vegetable,AgriDirect,Dry Storage,28.41,7.75,12.9,2026-05-29,2026-06-04 00:00:00.000000,6,3.67,0
Cumin,Spice,Metro Wholesale,Dry Storage,10.38,1.34,11.89,2026-03-20,2027-03-28 00:00:00.000000,303,7.75,0
Eggs,Meat,Daily Fresh,Frozen,7.36,1.36,12.53,2026-05-29,2026-06-02 00:00:00.000000,4,5.41,0
Coriander Powder,Spice,GreenLeaf Suppliers,Room Temperature,21.32,3.56,1.11,2026-03-31,2027-04-02 00:00:00.000000,308,5.99,0
Soda,Beverage,Metro Wholesale,Refrigerated,39.44,9.2,14.92,2026-05-25,2026-06-24 00:00:00.000000,26,4.29,0
Semolina,Grain,Daily Fresh,Refrigerated,33.67,6.29,30.52,2026-05-17,2026-07-30 00:00:00.000000,62,5.35,0
Orange Juice,Beverage,FreshFarm Co,Refrigerated,17.01,0.75,11.62,2026-05-28,2026-06-13 00:00:00.000000,15,22.68,0
Paneer,Dairy,SpiceRoute India,Refrigerated,25.79,7.42,28.06,2026-05-27,2026-06-04 00:00:00.000000,6,3.48,1
Lentils,Grain,Metro Wholesale,Room Temperature,33.95,11.59,12.04,2026-05-01,2026-08-24 00:00:00.000000,87,2.93,0
Broccoli,Vegetable,FreshFarm Co,Frozen,8.07,2.85,20.79,2026-05-29,2026-06-01 00:00:00.000000,3,2.83,1
Broccoli,Vegetable,AgriDirect,Refrigerated,3.25,0.25,16.18,2026-05-28,2026-06-07 00:00:00.000000,9,13.0,0
Mango Pulp,Beverage,AgriDirect,Dry Storage,43.04,10.66,17.29,2026-05-22,2026-06-26 00:00:00.000000,28,4.04,0
Mango,Fruit,Metro Wholesale,Frozen,24.07,2.86,26.7,2026-05-28,2026-06-09 00:00:00.000000,11,8.42,0
Fish,Meat,Daily Fresh,Dry Storage,23.47,7.66,5.93,2026-05-29,2026-06-02 00:00:00.000000,4,3.06,0
Zucchini,Vegetable,FreshFarm Co,Room Temperature,32.43,11.6,24.8,2026-05-29,2026-06-04 00:00:00.000000,6,2.8,1
Curd,Dairy,SpiceRoute India,Room Temperature,0.95,0.14,20.03,2026-05-28,2026-06-03 00:00:00.000000,5,6.79,0
Apple,Fruit,AgriDirect,Room Temperature,32.97,4.71,28.77,2026-05-28,2026-06-02 00:00:00.000000,4,7.0,1
Cumin,Spice,SpiceRoute India,Dry Storage,3.88,1.32,19.35,2026-04-09,2027-01-29 00:00:00.000000,245,2.94,0
Lentils,Grain,AgriDirect,Frozen,33.12,3.51,27.91,2026-05-05,2026-11-04 00:00:00.000000,159,9.44,0
Semolina,Grain,FreshFarm Co,Room Temperature,42.68,2.8,3.86,2026-05-29,2026-07-09 00:00:00.000000,41,15.24,0
Red Chilli,Spice,Metro Wholesale,Dry Storage,45.04,3.22,35.7,2026-05-16,2026-12-26 00:00:00.000000,211,13.99,0
Chicken,Meat,AgriDirect,Refrigerated,2.35,0.73,17.66,2026-05-29,2026-06-01 00:00:00.000000,3,3.22,1
Turmeric,Spice,GreenLeaf Suppliers,Frozen,22.75,1.3,25.5,2026-03-01,2026-10-21 00:00:00.000000,145,17.5,0
Apple,Fruit,Daily Fresh,Room Temperature,11.66,3.49,17.36,2026-05-27,2026-06-11 00:00:00.000000,13,3.34,0
Mango Pulp,Beverage,AgriDirect,Refrigerated,10.58,3.45,35.73,2026-05-28,2026-06-05 00:00:00.000000,7,3.07,1
Eggs,Meat,GreenLeaf Suppliers,Refrigerated,9.91,0.9,33.1,2026-05-28,2026-05-31 00:00:00.000000,2,11.01,1
Milk,Dairy,FreshFarm Co,Frozen,31.46,11.01,22.77,2026-05-28,2026-06-03 00:00:00.000000,5,2.86,0
Semolina,Grain,FreshFarm Co,Refrigerated,3.05,0.71,0.9,2026-05-22,2026-11-02 00:00:00.000000,157,4.3,0
Butter,Dairy,SpiceRoute India,Room Temperature,43.69,2.84,11.52,2026-05-29,2026-06-02 00:00:00.000000,4,15.38,1
Orange,Fruit,Daily Fresh,Dry Storage,27.52,9.83,23.31,2026-05-29,2026-06-10 00:00:00.000000,12,2.8,0
Cream,Dairy,FreshFarm Co,Refrigerated,13.41,1.86,30.59,2026-05-28,2026-06-02 00:00:00.000000,4,7.21,1
Lentils,Grain,SpiceRoute India,Dry Storage,24.93,8.05,22.55,2026-05-22,2026-07-13 00:00:00.000000,45,3.1,0
Orange Juice,Beverage,FreshFarm Co,Dry Storage,44.43,8.56,5.18,2026-05-28,2026-06-18 00:00:00.000000,20,5.19,0
Tomato,Vegetable,AgriDirect,Room Temperature,17.84,3.46,31.26,2026-05-27,2026-06-03 00:00:00.000000,5,5.16,1
Lemon,Fruit,FreshFarm Co,Refrigerated,34.26,10.14,22.1,2026-05-26,2026-06-04 00:00:00.000000,6,3.38,0
Soda,Beverage,Daily Fresh,Frozen,27.7,1.37,4.72,2026-05-23,2026-06-27 00:00:00.000000,29,20.22,0
Butter,Dairy,GreenLeaf Suppliers,Frozen,12.29,0.54,0.4,2026-05-29,2026-06-03 00:00:00.000000,5,22.76,1
Orange Juice,Beverage,SpiceRoute India,Refrigerated,4.29,0.3,7.22,2026-05-29,2026-06-12 00:00:00.000000,14,14.3,1
Milk,Dairy,GreenLeaf Suppliers,Frozen,20.19,5.34,26.26,2026-05-27,2026-06-01 00:00:00.000000,3,3.78,1
Wheat Flour,Grain,SpiceRoute India,Room Temperature,45.8,4.11,28.53,2026-05-01,2026-09-27 00:00:00.000000,121,11.14,0
Coconut Water,Beverage,AgriDirect,Frozen,35.04,7.11,2.16,2026-05-24,2026-06-13 00:00:00.000000,15,4.93,0
Garam Masala,Spice,GreenLeaf Suppliers,Room Temperature,45.65,15.38,20.84,2026-05-03,2026-10-06 00:00:00.000000,130,2.97,0
Wheat Flour,Grain,GreenLeaf Suppliers,Refrigerated,48.91,13.69,26.0,2026-05-28,2026-08-03 00:00:00.000000,66,3.57,0
Tomato,Vegetable,FreshFarm Co,Room Temperature,29.62,3.63,38.6,2026-05-28,2026-06-04 00:00:00.000000,6,8.16,1
Soda,Beverage,FreshFarm Co,Room Temperature,23.985,2.1,15.17,2026-05-23,2026-06-17 00:00:00.000000,19,11.42,0
Rice,Grain,FreshFarm Co,Dry Storage,17.72,0.28,24.35,2026-05-05,2026-11-13 00:00:00.000000,168,63.29,0
Coconut Water,Beverage,FreshFarm Co,Frozen,43.35,13.59,37.14,2026-05-23,2026-06-15 00:00:00.000000,17,3.19,0
Orange Juice,Beverage,SpiceRoute India,Room Temperature,43.0,16.14,18.54,2026-05-25,2026-06-26 00:00:00.000000,28,2.66,0
Chickpeas,Grain,Metro Wholesale,Dry Storage,37.41,13.84,5.27,2026-05-15,2026-10-03 00:00:00.000000,127,2.7,1
Coconut Water,Beverage,Metro Wholesale,Refrigerated,17.21,2.78,24.62,2026-05-25,2026-06-22 00:00:00.000000,24,6.19,0
Coriander Powder,Spice,FreshFarm Co,Refrigerated,33.21,11.12,33.9,2026-03-18,2027-01-31 00:00:00.000000,247,2.99,0
Broccoli,Vegetable,Daily Fresh,Refrigerated,24.27,8.21,8.71,2026-05-28,2026-05-31 00:00:00.000000,2,2.96,1
Capsicum,Vegetable,FreshFarm Co,Dry Storage,13.27,4.2,10.38,2026-05-29,2026-06-07 00:00:00.000000,9,3.16,0
Watermelon,Fruit,Metro Wholesale,Frozen,12.02,3.18,7.37,2026-05-29,2026-06-10 00:00:00.000000,12,3.78,0
Eggs,Meat,FreshFarm Co,Dry Storage,3.51,1.03,10.36,2026-05-29,2026-06-03 00:00:00.000000,5,3.41,0
Coriander Powder,Spice,AgriDirect,Refrigerated,5.9,1.25,4.53,2026-04-15,2026-12-25 00:00:00.000000,210,4.72,0
Apple,Fruit,SpiceRoute India,Dry Storage,32.27,11.32,5.72,2026-05-29,2026-06-07 00:00:00.000000,9,2.85,0
Coconut Water,Beverage,Daily Fresh,Dry Storage,23.8,9.27,24.88,2026-05-24,2026-06-25 00:00:00.000000,27,2.57,0
Capsicum,Vegetable,AgriDirect,Frozen,30.65,9.93,20.43,2026-05-29,2026-05-31 00:00:00.000000,2,3.09,1
Chickpeas,Grain,Metro Wholesale,Dry Storage,29.34,7.75,6.0,2026-05-03,2026-10-02 00:00:00.000000,126,3.79,0
Turmeric,Spice,Metro Wholesale,Refrigerated,31.7,9.33,21.56,2026-03-17,2027-05-11 00:00:00.000000,347,3.4,0
Rice,Grain,SpiceRoute India,Room Temperature,22.33,2.48,33.44,2026-05-13,2026-11-09 00:00:00.000000,164,9.0,0
Apple,Fruit,GreenLeaf Suppliers,Frozen,16.08,6.26,27.72,2026-05-26,2026-06-04 00:00:00.000000,6,2.57,1
Fish,Meat,GreenLeaf Suppliers,Refrigerated,45.77,12.0,24.21,2026-05-29,2026-06-03 00:00:00.000000,5,3.81,0
Mutton,Meat,AgriDirect,Frozen,33.87,9.06,24.22,2026-05-28,2026-05-31 00:00:00.000000,2,3.74,1
Butter,Dairy,FreshFarm Co,Refrigerated,25.5,1.6,19.77,2026-05-28,2026-06-03 00:00:00.000000,5,15.94,1
