ingredient_name,category,supplier,storage_type,quantity_kg,daily_consumption_kg,wastage_history_pct,purchase_date,expiry_date,days_until_expiry,days_of_stock,wastage_risk,risk_prob_high,risk_label_name,explanation
Turmeric,Spice,5,2,11.55,3.43,27.07,2026-04-28,2027-01-14 00:00:00.000000,230,3.37,0,0.003993388,Low,High wastage history
Zucchini,Vegetable,2,3,11.32,2.34,1.06,2026-05-29,2026-05-31 00:00:00.000000,2,4.84,1,0.9705848,High,Expires soon
Garam Masala,Spice,4,3,14.27,4.98,30.35,2026-03-15,2027-04-13 00:00:00.000000,319,2.87,0,0.00480165,Low,High wastage history
Fish,Meat,4,0,5.56,0.91,14.36,2026-05-28,2026-05-31 00:00:00.000000,2,6.11,1,0.99539447,High,Expires soon
Paneer,Dairy,0,3,4.4,0.59,25.15,2026-05-28,2026-05-31 00:00:00.000000,2,7.46,1,0.99384224,High,Expires soon
Milk,Dairy,5,1,33.23,10.3,39.41,2026-05-29,2026-05-31 00:00:00.000000,2,3.23,1,0.9943778,High,Expires soon
Orange Juice,Beverage,3,3,8.55,1.28,26.81,2026-05-24,2026-06-19 00:00:00.000000,21,6.68,0,0.0050576585,Low,High wastage history
Turmeric,Spice,0,1,23.38,2.6,37.02,2026-05-09,2026-12-30 00:00:00.000000,215,8.99,0,0.010422567,Low,High wastage history
Watermelon,Fruit,2,0,40.35,6.53,2.65,2026-05-29,2026-06-04 00:00:00.000000,6,6.18,0,0.02445101,Low,Overstocked
Lentils,Grain,4,0,44.29,11.42,5.71,2026-05-17,2026-11-02 00:00:00.000000,157,3.88,0,0.0099425,Low,Within safe parameters
Garam Masala,Spice,5,0,20.27,1.86,39.9,2026-03-16,2027-04-03 00:00:00.000000,309,10.9,0,0.0933998,Low,High wastage history
Tomato,Vegetable,4,2,21.4,0.64,15.26,2026-05-27,2026-06-02 00:00:00.000000,4,33.44,1,0.99518037,High,Overstocked
Semolina,Grain,5,2,44.3,13.33,30.74,2026-05-08,2026-07-27 00:00:00.000000,59,3.32,0,0.0021787777,Low,High wastage history
Cheese,Dairy,1,1,43.85,4.69,20.02,2026-05-27,2026-05-31 00:00:00.000000,2,9.35,1,0.9952311,High,Expires soon
Capsicum,Vegetable,4,1,27.2,8.49,21.21,2026-05-29,2026-06-05 00:00:00.000000,7,3.2,1,0.67446953,High,Within safe parameters
Cheese,Dairy,2,2,12.35,1.27,22.69,2026-05-28,2026-06-02 00:00:00.000000,4,9.72,1,0.94854987,High,Overstocked
Red Chilli,Spice,0,2,33.16,12.56,6.61,2026-05-13,2026-10-30 00:00:00.000000,154,2.64,0,0.02706708,Low,Within safe parameters
Oats,Grain,0,1,15.93,6.34,26.0,2026-05-07,2026-08-18 00:00:00.000000,81,2.51,0,0.024964228,Low,High wastage history
Oats,Grain,4,2,17.24,4.1,9.2,2026-05-27,2026-08-24 00:00:00.000000,87,4.2,0,0.014179683,Low,Within safe parameters
Tomato,Vegetable,2,1,4.01,0.46,26.76,2026-05-28,2026-05-31 00:00:00.000000,2,8.72,1,0.99814916,High,Expires soon
Watermelon,Fruit,4,3,9.93,0.48,17.24,2026-05-26,2026-06-08 00:00:00.000000,10,20.69,0,0.012809933,Low,Overstocked
Chicken,Meat,2,2,40.13,1.84,7.66,2026-05-28,2026-06-02 00:00:00.000000,4,21.81,1,0.9788897,High,Overstocked
Banana,Fruit,3,1,43.79,1.41,32.32,2026-05-28,2026-06-08 00:00:00.000000,10,31.06,1,0.88502055,High,High wastage history
Tomato,Vegetable,2,2,20.62,4.02,34.59,2026-05-29,2026-06-03 00:00:00.000000,5,5.13,1,0.9958468,High,High wastage history
Banana,Fruit,1,2,14.62,4.1,29.22,2026-05-26,2026-06-05 00:00:00.000000,7,3.57,1,0.98716843,High,High wastage history
Red Chilli,Spice,4,1,48.45,11.27,21.69,2026-05-02,2027-01-25 00:00:00.000000,241,4.3,0,0.0015225746,Low,Within safe parameters
Tomato,Vegetable,0,3,3.32,0.72,34.05,2026-05-29,2026-06-08 00:00:00.000000,10,4.61,0,0.010569123,Low,High wastage history
Onion,Vegetable,2,3,29.93,7.45,16.77,2026-05-27,2026-06-03 00:00:00.000000,5,4.02,0,0.0159883,Low,Within safe parameters
Semolina,Grain,4,0,13.65,0.8,25.82,2026-05-22,2026-09-16 00:00:00.000000,110,17.06,0,0.0042645843,Low,High wastage history
Orange Juice,Beverage,1,2,4.13,0.43,10.61,2026-05-28,2026-06-24 00:00:00.000000,26,9.6,0,0.02096686,Low,Within safe parameters
Onion,Vegetable,3,0,41.77,11.78,24.47,2026-05-28,2026-06-02 00:00:00.000000,4,3.55,0,0.03363685,Low,Within safe parameters
Garam Masala,Spice,5,2,5.63,1.99,10.58,2026-03-06,2027-01-27 00:00:00.000000,243,2.83,0,0.015270182,Low,Within safe parameters
Garam Masala,Spice,3,1,10.93,1.56,27.5,2026-03-13,2027-01-18 00:00:00.000000,234,7.01,0,0.0023311824,Low,High wastage history
Oats,Grain,2,0,21.47,2.45,0.14,2026-05-09,2026-07-21 00:00:00.000000,53,8.76,0,0.0037793752,Low,Within safe parameters
Coriander Powder,Spice,5,1,35.43,7.99,4.47,2026-03-20,2027-04-10 00:00:00.000000,316,4.43,0,0.17967255,Low,Within safe parameters
Cumin,Spice,3,2,6.81,0.91,35.96,2026-04-04,2026-11-10 00:00:00.000000,165,7.48,0,0.048754446,Low,High wastage history
Orange Juice,Beverage,4,0,33.51,4.81,22.4,2026-05-26,2026-06-26 00:00:00.000000,28,6.97,0,0.05111508,Low,Within safe parameters
Lentils,Grain,4,1,40.63,14.34,0.99,2026-05-04,2026-08-08 00:00:00.000000,71,2.83,0,0.019770604,Low,Within safe parameters
Cheese,Dairy,3,1,5.85,2.05,34.34,2026-05-27,2026-06-01 00:00:00.000000,3,2.85,1,0.99551696,High,Expires soon
Soda,Beverage,3,0,1.67,0.21,13.13,2026-05-26,2026-06-12 00:00:00.000000,14,7.95,0,0.061576854,Low,Within safe parameters
Coconut Water,Beverage,5,0,34.14,11.54,13.25,2026-05-23,2026-06-21 00:00:00.000000,23,2.96,1,0.7124446,High,Within safe parameters
Curd,Dairy,2,0,22.01,6.44,12.55,2026-05-27,2026-05-31 00:00:00.000000,2,3.42,1,0.9945505,High,Expires soon
Rice,Grain,0,3,2.7,0.53,20.8,2026-05-21,2026-08-15 00:00:00.000000,78,5.09,0,0.0028722123,Low,Within safe parameters
Cumin,Spice,1,0,46.08,11.52,26.54,2026-03-05,2026-10-01 00:00:00.000000,125,4.0,0,0.0034930313,Low,High wastage history
Milk,Dairy,5,0,20.42,3.695,5.09,2026-05-28,2026-06-03 00:00:00.000000,5,5.53,1,0.05691229,Low,Overstocked
Mutton,Meat,1,0,15.54,1.39,31.43,2026-05-29,2026-06-03 00:00:00.000000,5,11.18,1,0.99364495,High,High wastage history
Cheese,Dairy,1,3,25.8,8.21,38.39,2026-05-29,2026-06-05 00:00:00.000000,7,3.14,1,0.9825309,High,High wastage history
Turmeric,Spice,0,0,41.01,12.35,26.91,2026-05-18,2027-02-14 00:00:00.000000,261,3.32,0,0.0015883688,Low,High wastage history
Mango,Fruit,2,2,30.76,9.48,18.22,2026-05-26,2026-06-04 00:00:00.000000,6,3.24,0,0.0074980655,Low,Within safe parameters
Wheat Flour,Grain,1,3,7.8,4.445,35.71,2026-05-22,2026-10-08 00:00:00.000000,132,1.75,0,0.027777074,Low,High wastage history
Mushroom,Vegetable,4,1,2.99,0.37,33.93,2026-05-28,2026-06-08 00:00:00.000000,10,8.08,0,0.06889519,Low,High wastage history
Soda,Beverage,1,0,41.61,9.16,35.89,2026-05-23,2026-06-24 00:00:00.000000,26,4.54,0,0.057421565,Low,High wastage history
Prawns,Meat,4,0,31.52,3.53,3.1,2026-05-28,2026-06-01 00:00:00.000000,3,8.93,1,0.98601586,High,Expires soon
Butter,Dairy,0,0,7.97,1.28,6.11,2026-05-29,2026-05-31 00:00:00.000000,2,6.23,1,0.99578565,High,Expires soon
Prawns,Meat,0,0,3.58,1.21,15.58,2026-05-28,2026-06-02 00:00:00.000000,4,2.96,0,0.03460772,Low,Within safe parameters
Turmeric,Spice,1,3,15.28,2.44,35.67,2026-04-14,2026-08-30 00:00:00.000000,93,6.26,0,0.003934282,Low,High wastage history
Lentils,Grain,1,1,22.07,0.35,13.45,2026-05-21,2026-08-23 00:00:00.000000,86,63.06,0,0.004572477,Low,Within safe parameters
Mutton,Meat,4,3,45.39,10.79,26.52,2026-05-29,2026-06-03 00:00:00.000000,5,4.21,1,0.96546733,High,High wastage history
Mutton,Meat,4,3,21.415,1.71,13.07,2026-05-28,2026-05-30 00:00:00.000000,1,12.52,1,0.9844118,High,Expires soon
Fish,Meat,3,3,1.46,0.36,40.0,2026-05-28,2026-05-30 00:00:00.000000,1,4.06,1,0.9883012,High,Expires soon
Turmeric,Spice,2,2,42.04,10.49,9.54,2026-05-04,2026-12-31 00:00:00.000000,216,4.01,0,0.01652534,Low,Within safe parameters
Zucchini,Vegetable,1,1,8.81,2.18,29.92,2026-05-28,2026-06-04 00:00:00.000000,6,4.04,1,0.985953,High,High wastage history
Mango Pulp,Beverage,2,0,46.48,10.75,36.32,2026-05-29,2026-06-23 00:00:00.000000,25,4.32,0,0.010572488,Low,High wastage history
Cumin,Spice,0,2,35.01,4.29,27.37,2026-05-16,2026-12-29 00:00:00.000000,214,8.16,0,0.0026562372,Low,High wastage history
Orange Juice,Beverage,0,0,3.91,1.05,0.51,2026-05-24,2026-06-18 00:00:00.000000,20,3.72,0,0.0063312342,Low,Within safe parameters
Chicken,Meat,3,3,22.06,6.5,38.62,2026-05-29,2026-06-02 00:00:00.000000,4,3.39,1,0.99469095,High,High wastage history
Soda,Beverage,1,3,16.45,1.69,37.38,2026-05-25,2026-06-28 00:00:00.000000,30,9.73,0,0.0047775796,Low,High wastage history
Mutton,Meat,0,3,17.15,3.44,13.0,2026-05-28,2026-06-03 00:00:00.000000,5,4.99,0,0.008363692,Low,Within safe parameters
Butter,Dairy,3,0,44.07,9.84,20.67,2026-05-27,2026-06-04 00:00:00.000000,6,4.48,0,0.013921316,Low,Within safe parameters
Watermelon,Fruit,1,3,34.69,9.0,19.63,2026-05-28,2026-06-09 00:00:00.000000,11,3.85,0,0.0029523643,Low,Within safe parameters
Capsicum,Vegetable,1,1,33.37,4.99,22.14,2026-05-28,2026-06-03 00:00:00.000000,5,6.69,0,0.037252467,Low,Overstocked
Garam Masala,Spice,3,0,15.68,1.52,28.85,2026-04-25,2027-04-16 00:00:00.000000,322,10.32,0,0.020545734,Low,High wastage history
Garam Masala,Spice,4,1,14.19,3.39,30.41,2026-03-29,2026-12-15 00:00:00.000000,200,4.19,0,0.0023689026,Low,High wastage history
Onion,Vegetable,4,0,15.46,4.41,5.06,2026-05-29,2026-06-05 00:00:00.000000,7,3.51,1,0.5050479,Medium,Within safe parameters
Cabbage,Vegetable,5,0,43.49,8.59,34.91,2026-05-27,2026-06-02 00:00:00.000000,4,5.06,1,0.96527684,High,High wastage history
Prawns,Meat,3,3,13.0,4.49,4.56,2026-05-29,2026-05-31 00:00:00.000000,2,2.9,1,0.9899301,High,Expires soon
Chicken,Meat,4,2,4.72,0.54,22.32,2026-05-28,2026-05-31 00:00:00.000000,2,8.74,1,0.9939108,High,Expires soon
Chickpeas,Grain,0,1,45.47,5.48,23.54,2026-05-15,2026-10-03 00:00:00.000000,127,8.3,0,0.0034986408,Low,Within safe parameters
Chickpeas,Grain,0,2,38.26,9.61,10.59,2026-04-29,2026-07-23 00:00:00.000000,55,3.98,0,0.027503926,Low,Within safe parameters
Mango,Fruit,4,2,22.8,5.46,11.65,2026-05-26,2026-06-01 00:00:00.000000,3,4.18,1,0.995921,High,Expires soon
Coriander Powder,Spice,2,3,39.5,9.91,26.45,2026-04-26,2026-12-24 00:00:00.000000,209,3.99,0,0.0013686077,Low,High wastage history
Chicken,Meat,5,1,41.42,1.28,6.64,2026-05-28,2026-05-31 00:00:00.000000,2,32.36,1,0.9924763,High,Expires soon
Garam Masala,Spice,1,0,34.59,9.71,37.71,2026-03-31,2026-10-29 00:00:00.000000,153,3.56,0,0.006061336,Low,High wastage history
Prawns,Meat,0,2,36.86,8.94,1.03,2026-05-28,2026-05-30 00:00:00.000000,1,4.12,1,0.96957606,High,Expires soon
Garam Masala,Spice,5,2,2.49,0.78,18.82,2026-03-17,2027-01-11 00:00:00.000000,227,3.19,0,0.013061733,Low,Within safe parameters
Curd,Dairy,5,3,23.77,3.94,12.84,2026-05-29,2026-06-03 00:00:00.000000,5,6.03,0,0.014037627,Low,Overstocked
Apple,Fruit,5,3,33.3,5.39,30.42,2026-05-27,2026-06-08 00:00:00.000000,10,6.18,1,0.010516575,Low,High wastage history
Carrot,Vegetable,3,0,43.31,14.31,0.05,2026-05-28,2026-06-01 00:00:00.000000,3,3.03,1,0.9878929,High,Expires soon
Prawns,Meat,4,2,31.32,6.3,17.68,2026-05-28,2026-06-03 00:00:00.000000,5,4.97,0,0.017398395,Low,Within safe parameters
Milk,Dairy,3,1,24.49,0.38,25.2,2026-05-27,2026-06-03 00:00:00.000000,5,64.45,1,0.9940884,High,High wastage history
Cumin,Spice,0,0,20.7,1.94,33.66,2026-03-20,2026-09-03 00:00:00.000000,97,10.67,0,0.022392092,Low,High wastage history
Potato,Vegetable,5,3,35.42,5.95,19.3,2026-05-27,2026-06-04 00:00:00.000000,6,5.95,0,0.020545729,Low,Within safe parameters
Eggs,Meat,1,1,43.27,4.85,31.6,2026-05-29,2026-05-31 00:00:00.000000,2,8.92,1,0.99806875,High,Expires soon
Coconut Water,Beverage,3,2,41.96,9.78,26.4,2026-05-25,2026-06-28 00:00:00.000000,30,4.29,0,0.053624827,Low,High wastage history
Eggs,Meat,3,3,23.04,3.03,7.55,2026-05-28,2026-06-01 00:00:00.000000,3,7.6,1,0.9730704,High,Expires soon
Oats,Grain,1,1,37.36,10.57,32.46,2026-05-19,2026-07-09 00:00:00.000000,41,3.53,0,0.013216987,Low,High wastage history
Cumin,Spice,2,3,48.29,6.48,4.01,2026-03-26,2026-10-30 00:00:00.000000,154,7.45,0,0.0013253929,Low,Within safe parameters
Cabbage,Vegetable,2,3,43.61,16.92,2.99,2026-05-28,2026-06-02 00:00:00.000000,4,2.58,0,0.0920226,Low,Within safe parameters
Butter,Dairy,5,3,42.69,14.69,15.2,2026-05-28,2026-05-31 00:00:00.000000,2,2.91,1,0.9693235,High,Expires soon
Red Chilli,Spice,0,2,31.74,11.7,39.9,2026-04-29,2026-10-01 00:00:00.000000,125,2.71,0,0.045050822,Low,High wastage history
Chicken,Meat,1,2,45.22,0.93,31.85,2026-05-28,2026-05-31 00:00:00.000000,2,48.62,1,0.9955456,High,Expires soon
Cheese,Dairy,4,1,25.795,9.06,6.8,2026-05-28,2026-06-04 00:00:00.000000,6,2.85,0,0.089408666,Low,Within safe parameters
Soda,Beverage,1,1,11.99,3.1,18.38,2026-05-27,2026-06-23 00:00:00.000000,25,3.87,0,0.001663495,Low,Within safe parameters
Soda,Beverage,5,0,4.16,1.58,39.51,2026-05-27,2026-06-22 00:00:00.000000,24,2.63,0,0.04973063,Low,High wastage history
Fish,Meat,3,3,42.74,1.91,15.25,2026-05-28,2026-05-31 00:00:00.000000,2,22.38,1,0.96748024,High,Expires soon
Cream,Dairy,2,0,14.09,3.23,27.43,2026-05-28,2026-06-05 00:00:00.000000,7,4.36,1,0.98011935,High,High wastage history
Zucchini,Vegetable,3,3,40.2,3.6,7.61,2026-05-27,2026-06-03 00:00:00.000000,5,11.17,1,0.96523464,High,Overstocked
Mango Pulp,Beverage,5,2,15.79,2.84,23.18,2026-05-29,2026-06-25 00:00:00.000000,27,5.56,0,0.0050236923,Low,Within safe parameters
Capsicum,Vegetable,5,0,10.44,3.31,35.06,2026-05-29,2026-06-06 00:00:00.000000,8,3.15,0,0.060630176,Low,High wastage history
Semolina,Grain,3,1,40.42,12.1,13.55,2026-04-29,2026-09-24 23:14:06.875134,118,3.34,0,0.0069507235,Low,Within safe parameters
Potato,Vegetable,5,1,18.61,5.91,0.56,2026-05-27,2026-06-06 00:00:00.000000,8,3.15,0,0.0049132095,Low,Within safe parameters
Fish,Meat,0,0,5.86,0.62,1.0,2026-05-28,2026-06-02 00:00:00.000000,4,9.45,1,0.985488,High,Overstocked
Semolina,Grain,5,1,41.28,15.02,12.09,2026-05-09,2026-07-14 00:00:00.000000,46,2.75,0,0.024802772,Low,Within safe parameters
Lemon,Fruit,3,2,5.31,1.9,5.43,2026-05-29,2026-06-08 00:00:00.000000,10,2.79,0,0.013757219,Low,Within safe parameters
Garam Masala,Spice,0,3,32.92,10.99,24.63,2026-04-06,2026-11-14 00:00:00.000000,169,3.0,0,0.0012750359,Low,Within safe parameters
Paneer,Dairy,4,0,47.55,16.29,3.97,2026-05-28,2026-06-03 00:00:00.000000,5,2.92,0,0.07120544,Low,Within safe parameters
Lentils,Grain,2,0,9.9,0.57,33.92,2026-05-21,2026-10-07 00:00:00.000000,131,17.37,0,0.010820888,Low,High wastage history
Cumin,Spice,2,2,49.45,15.59,8.21,2026-04-28,2027-02-13 00:00:00.000000,260,3.17,0,0.005369988,Low,Within safe parameters
Wheat Flour,Grain,4,1,7.8,2.82,0.11,2026-05-05,2026-09-20 00:00:00.000000,114,2.77,0,0.002033043,Low,Within safe parameters
Mango,Fruit,4,0,7.02,1.07,31.54,2026-05-29,2026-06-02 00:00:00.000000,4,6.56,1,0.99879116,High,High wastage history
Potato,Vegetable,2,0,21.34,1.06,2.54,2026-05-27,2026-06-02 00:00:00.000000,4,20.13,1,0.99281114,High,Overstocked
Milk,Dairy,1,2,47.3,0.92,31.33,2026-05-29,2026-06-04 00:00:00.000000,6,51.41,1,0.98547167,High,High wastage history
Semolina,Grain,5,3,49.93,16.94,17.05,2026-05-28,2026-07-05 00:00:00.000000,37,2.95,0,0.0016920004,Low,Within safe parameters
Red Chilli,Spice,2,2,7.84,0.48,24.97,2026-03-13,2027-02-07 00:00:00.000000,254,16.33,0,0.0027415142,Low,Within safe parameters
Coriander Powder,Spice,0,3,22.96,5.6,3.97,2026-04-22,2027-05-25 00:00:00.000000,361,4.1,0,0.0068061934,Low,Within safe parameters
Mango Pulp,Beverage,1,3,17.28,3.19,16.64,2026-05-23,2026-06-12 00:00:00.000000,14,5.42,0,0.0008652828,Low,Within safe parameters
Fish,Meat,3,0,3.82,1.29,3.73,2026-05-28,2026-05-31 00:00:00.000000,2,2.96,1,0.98760116,High,Expires soon
Coriander Powder,Spice,0,1,47.85,10.79,26.8,2026-03-15,2026-09-26 00:00:00.000000,120,4.43,0,0.0027639002,Low,High wastage history
Soda,Beverage,3,2,17.91,4.18,8.51,2026-05-25,2026-06-24 00:00:00.000000,26,4.28,0,0.009183553,Low,Within safe parameters
Orange,Fruit,3,2,6.19,0.76,9.05,2026-05-27,2026-06-09 00:00:00.000000,11,8.14,0,0.05753001,Low,Within safe parameters
Chickpeas,Grain,0,2,9.43,2.68,12.36,2026-05-29,2026-09-04 00:00:00.000000,98,3.52,0,0.002459633,Low,Within safe parameters
Potato,Vegetable,0,1,7.52,1.94,1.23,2026-05-29,2026-06-06 00:00:00.000000,8,3.88,0,0.00221943,Low,Within safe parameters
Banana,Fruit,1,3,18.82,5.46,31.07,2026-05-28,2026-06-06 00:00:00.000000,8,3.45,0,0.010151645,Low,High wastage history
Tomato,Vegetable,4,1,4.54,0.86,16.96,2026-05-27,2026-05-31 00:00:00.000000,2,5.28,1,0.9897085,High,Expires soon
Fish,Meat,0,1,21.78,2.54,27.14,2026-05-28,2026-05-30 00:00:00.000000,1,8.57,1,0.9961538,High,Expires soon
Coriander Powder,Spice,4,2,3.21,0.34,37.81,2026-03-14,2027-03-17 00:00:00.000000,292,9.44,0,0.7131415,High,High wastage history
Coconut Water,Beverage,3,0,25.12,4.38,5.17,2026-05-29,2026-06-08 00:00:00.000000,10,5.74,0,0.040524352,Low,Within safe parameters
Papaya,Fruit,2,0,22.09,4.12,3.11,2026-05-29,2026-06-07 00:00:00.000000,9,5.36,0,0.010094341,Low,Within safe parameters
Eggs,Meat,5,3,6.2,0.15,12.99,2026-05-28,2026-06-02 00:00:00.000000,4,41.33,1,0.9855466,High,Overstocked
Oats,Grain,2,0,5.74,1.06,16.02,2026-05-02,2026-10-17 00:00:00.000000,141,5.42,0,0.0034718863,Low,Within safe parameters
Coconut Water,Beverage,4,0,4.28,1.12,21.22,2026-05-27,2026-06-15 00:00:00.000000,17,3.82,0,0.17744958,Low,Within safe parameters
Coconut Water,Beverage,5,0,12.2,0.8,7.89,2026-05-27,2026-06-25 00:00:00.000000,27,15.25,0,0.07317615,Low,Within safe parameters
Orange Juice,Beverage,5,1,37.85,11.53,17.96,2026-05-22,2026-06-20 00:00:00.000000,22,3.28,0,0.023325907,Low,Within safe parameters
Lentils,Grain,5,0,22.27,4.23,25.26,2026-05-25,2026-09-16 00:00:00.000000,110,5.26,0,0.0106353685,Low,High wastage history
Rice,Grain,0,0,23.36,0.45,14.75,2026-05-20,2026-07-16 00:00:00.000000,48,51.91,0,0.003061089,Low,Overstocked
Turmeric,Spice,1,3,45.5,10.45,7.53,2026-04-02,2026-09-17 00:00:00.000000,111,4.35,0,0.0036409828,Low,Within safe parameters
Wheat Flour,Grain,1,2,45.01,6.25,28.57,2026-05-04,2026-07-24 00:00:00.000000,56,7.2,0,0.0045571565,Low,High wastage history
Lemon,Fruit,5,1,26.44,6.49,14.56,2026-05-26,2026-06-08 00:00:00.000000,10,4.07,0,0.0047220117,Low,Within safe parameters
Prawns,Meat,5,0,39.57,10.28,2.64,2026-05-29,2026-06-03 00:00:00.000000,5,3.85,0,0.012788514,Low,Within safe parameters
Red Chilli,Spice,3,0,4.53,1.24,36.67,2026-04-17,2026-11-11 00:00:00.000000,166,3.65,0,0.022068048,Low,High wastage history
Red Chilli,Spice,0,1,28.17,7.29,13.14,2026-04-20,2026-10-09 00:00:00.000000,133,3.86,0,0.0026737752,Low,Within safe parameters
Garam Masala,Spice,5,2,18.41,2.73,7.21,2026-03-25,2027-03-31 00:00:00.000000,306,6.74,0,0.11891208,Low,Within safe parameters
Soda,Beverage,4,1,4.32,1.47,4.05,2026-05-27,2026-06-09 00:00:00.000000,11,2.94,0,0.015946105,Low,Within safe parameters
Orange Juice,Beverage,0,0,8.14,0.67,27.71,2026-05-23,2026-06-09 00:00:00.000000,11,12.15,0,0.003914169,Low,High wastage history
Watermelon,Fruit,2,3,33.98,3.3,17.77,2026-05-27,2026-06-07 00:00:00.000000,9,10.3,0,0.0053120162,Low,Overstocked
Red Chilli,Spice,0,1,48.3,15.18,36.16,2026-04-20,2026-12-27 00:00:00.000000,212,3.18,0,0.0021393327,Low,High wastage history
Garam Masala,Spice,1,3,25.39,4.31,6.48,2026-04-11,2027-01-18 00:00:00.000000,234,5.89,0,0.0018465943,Low,Within safe parameters
Wheat Flour,Grain,2,0,18.87,7.06,28.46,2026-05-02,2026-10-29 00:00:00.000000,153,2.67,0,0.011835395,Low,High wastage history
Capsicum,Vegetable,4,2,45.31,2.76,17.5,2026-05-28,2026-06-04 00:00:00.000000,6,16.42,1,0.96060663,High,Overstocked
Orange,Fruit,3,3,3.14,0.68,9.43,2026-05-26,2026-06-01 00:00:00.000000,3,4.62,1,0.9805386,High,Expires soon
Curd,Dairy,3,2,32.67,10.36,5.5,2026-05-27,2026-05-31 00:00:00.000000,2,3.15,1,0.9813416,High,Expires soon
Soda,Beverage,5,1,30.96,11.23,0.76,2026-05-22,2026-06-20 00:00:00.000000,22,2.76,0,0.014272431,Low,Within safe parameters
Papaya,Fruit,2,3,15.41,0.39,16.79,2026-05-28,2026-06-05 00:00:00.000000,7,39.51,1,0.9715181,High,Overstocked
Chicken,Meat,1,2,31.78,7.35,28.74,2026-05-29,2026-06-03 00:00:00.000000,5,4.32,1,0.9728292,High,High wastage history
Zucchini,Vegetable,4,0,33.39,1.23,38.99,2026-05-29,2026-06-06 00:00:00.000000,8,27.15,1,0.8417683,High,High wastage history
Chickpeas,Grain,1,2,31.97,12.55,10.15,2026-05-28,2026-10-26 00:00:00.000000,150,2.55,1,0.7130297,High,Within safe parameters
Orange Juice,Beverage,4,0,38.69,11.4,13.3,2026-05-28,2026-06-28 00:00:00.000000,30,3.39,1,0.5401693,Medium,Within safe parameters
Semolina,Grain,5,1,24.19,1.85,5.39,2026-05-07,2026-10-24 00:00:00.000000,148,13.08,0,0.008930671,Low,Within safe parameters
Chicken,Meat,4,0,44.35,5.67,12.4,2026-05-29,2026-05-30 00:00:00.000000,1,7.82,1,0.9926513,High,Expires soon
Soda,Beverage,2,0,14.66,5.07,1.91,2026-05-26,2026-06-25 00:00:00.000000,27,2.89,0,0.009622758,Low,Within safe parameters
Paneer,Dairy,1,0,22.27,3.695,13.56,2026-05-27,2026-06-03 00:00:00.000000,5,6.03,0,0.0133624,Low,Overstocked
Red Chilli,Spice,0,0,36.49,1.24,24.1,2026-05-19,2027-01-10 00:00:00.000000,226,29.43,0,0.002430381,Low,Within safe parameters
Semolina,Grain,2,0,33.22,4.14,24.1,2026-05-19,2026-07-18 00:00:00.000000,50,8.02,0,0.0057585454,Low,Within safe parameters
Red Chilli,Spice,1,0,30.94,5.44,25.58,2026-04-14,2026-09-17 00:00:00.000000,111,5.69,0,0.003646053,Low,High wastage history
Spinach,Vegetable,3,3,34.13,13.01,5.71,2026-05-27,2026-06-08 00:00:00.000000,10,2.62,0,0.01817971,Low,Within safe parameters
Soda,Beverage,4,2,39.04,5.78,15.31,2026-05-26,2026-06-07 00:00:00.000000,9,6.75,0,0.013189198,Low,Within safe parameters
Wheat Flour,Grain,3,3,38.27,8.83,21.18,2026-05-15,2026-10-01 00:00:00.000000,125,4.33,0,0.003259232,Low,Within safe parameters
Coriander Powder,Spice,2,1,25.2,3.96,22.47,2026-05-06,2026-09-09 00:00:00.000000,103,6.36,0,0.0046656807,Low,Within safe parameters
Cream,Dairy,4,3,34.85,13.92,8.01,2026-05-28,2026-06-04 00:00:00.000000,6,2.5,0,0.062066764,Low,Within safe parameters
Broccoli,Vegetable,5,1,40.62,15.72,39.46,2026-05-29,2026-06-07 00:00:00.000000,9,2.58,0,0.028345766,Low,High wastage history
Turmeric,Spice,3,0,46.4,11.87,31.75,2026-02-28,2026-11-15 00:00:00.000000,170,3.91,0,0.003799358,Low,High wastage history
Onion,Vegetable,4,1,18.36,4.25,18.7,2026-05-29,2026-06-07 00:00:00.000000,9,4.32,0,0.00969412,Low,Within safe parameters
Papaya,Fruit,2,2,49.98,14.4,21.03,2026-05-26,2026-06-05 00:00:00.000000,7,3.47,0,0.026333129,Low,Within safe parameters
Orange Juice,Beverage,3,1,22.77,6.23,13.78,2026-05-28,2026-06-25 00:00:00.000000,27,3.65,0,0.020636644,Low,Within safe parameters
Mango Pulp,Beverage,1,1,41.65,8.68,12.16,2026-05-29,2026-06-21 00:00:00.000000,23,4.8,0,0.1866634,Low,Within safe parameters
Cumin,Spice,0,0,12.9,3.31,22.03,2026-05-19,2027-01-19 00:00:00.000000,235,3.9,0,0.0006796508,Low,Within safe parameters
Milk,Dairy,0,2,29.79,6.96,6.85,2026-05-29,2026-06-05 00:00:00.000000,7,4.28,0,0.009589414,Low,Within safe parameters
Semolina,Grain,2,2,47.45,14.66,10.59,2026-05-28,2026-07-18 00:00:00.000000,50,3.24,0,0.0063256063,Low,Within safe parameters
Oats,Grain,1,2,32.27,3.97,9.8,2026-05-20,2026-11-14 00:00:00.000000,169,8.13,0,0.0051423647,Low,Within safe parameters
Fish,Meat,2,3,22.26,4.36,8.16,2026-05-29,2026-05-30 00:00:00.000000,1,5.11,1,0.9894202,High,Expires soon
Cream,Dairy,5,0,6.97,1.1,22.47,2026-05-28,2026-06-02 00:00:00.000000,4,6.34,1,0.82447106,High,Overstocked
Chicken,Meat,1,0,5.29,0.69,15.37,2026-05-29,2026-05-31 00:00:00.000000,2,7.67,1,0.9959015,High,Expires soon
Orange,Fruit,3,1,9.9,0.72,39.84,2026-05-27,2026-06-10 00:00:00.000000,12,13.75,0,0.049203504,Low,High wastage history
Cheese,Dairy,2,2,23.13,2.3,23.33,2026-05-27,2026-06-03 00:00:00.000000,5,10.06,0,0.15024617,Low,Overstocked
Cheese,Dairy,3,3,42.44,7.37,35.3,2026-05-29,2026-06-04 00:00:00.000000,6,5.76,1,0.9815776,High,High wastage history
Soda,Beverage,2,0,28.73,2.32,22.13,2026-05-29,2026-06-17 00:00:00.000000,19,12.38,0,0.0059340103,Low,Within safe parameters
Oats,Grain,0,0,48.77,7.74,31.8,2026-05-25,2026-07-28 00:00:00.000000,60,6.3,0,0.00742366,Low,High wastage history
Curd,Dairy,0,1,25.25,0.55,5.48,2026-05-28,2026-06-04 00:00:00.000000,6,45.91,1,0.97255063,High,Overstocked
Eggs,Meat,4,3,16.73,4.14,6.5,2026-05-29,2026-06-03 00:00:00.000000,5,4.04,0,0.047471985,Low,Within safe parameters
Coriander Powder,Spice,0,0,24.75,5.62,19.0,2026-03-22,2027-05-14 00:00:00.000000,350,4.4,1,0.010439016,Low,Within safe parameters
Cream,Dairy,1,2,39.94,11.62,27.52,2026-05-28,2026-06-04 00:00:00.000000,6,3.44,0,0.24595496,Low,High wastage history
Fish,Meat,5,1,8.94,2.29,24.79,2026-05-28,2026-05-30 00:00:00.000000,1,3.9,1,0.99074274,High,Expires soon
Orange,Fruit,2,1,9.94,1.81,16.75,2026-05-29,2026-06-10 00:00:00.000000,12,5.49,0,0.0020635563,Low,Within safe parameters
Banana,Fruit,5,3,35.44,7.4,22.44,2026-05-29,2026-06-12 00:00:00.000000,14,4.79,0,0.0061533595,Low,Within safe parameters
Eggs,Meat,3,3,45.65,6.32,14.17,2026-05-28,2026-05-31 00:00:00.000000,2,7.22,1,0.9873761,High,Expires soon
Coriander Powder,Spice,4,3,28.13,2.61,38.92,2026-04-24,2026-12-31 00:00:00.000000,216,10.78,0,0.027520366,Low,High wastage history
Cream,Dairy,5,1,16.19,2.32,37.35,2026-05-28,2026-06-05 00:00:00.000000,7,6.98,1,0.9970318,High,High wastage history
Butter,Dairy,0,2,19.29,7.56,32.74,2026-05-27,2026-06-05 00:00:00.000000,7,2.55,1,0.99047697,High,High wastage history
Mango Pulp,Beverage,2,0,17.64,3.18,10.26,2026-05-28,2026-06-14 00:00:00.000000,16,5.55,0,0.0020947552,Low,Within safe parameters
Orange,Fruit,0,0,7.3,1.84,23.47,2026-05-27,2026-06-12 00:00:00.000000,14,3.97,0,0.0032895787,Low,Within safe parameters
Garam Masala,Spice,5,1,5.46,0.79,18.9,2026-05-23,2026-12-24 00:00:00.000000,209,6.91,0,0.009185389,Low,Within safe parameters
Lemon,Fruit,1,1,24.13,2.01,38.56,2026-05-26,2026-06-11 00:00:00.000000,13,12.0,0,0.042007443,Low,High wastage history
Turmeric,Spice,5,2,37.06,12.62,1.49,2026-03-22,2026-12-23 00:00:00.000000,208,2.94,0,0.017711312,Low,Within safe parameters
Mutton,Meat,1,2,46.86,18.04,37.04,2026-05-29,2026-06-02 00:00:00.000000,4,2.6,1,0.96892637,High,High wastage history
Capsicum,Vegetable,3,2,49.46,10.79,19.76,2026-05-28,2026-06-04 00:00:00.000000,6,4.58,0,0.099743955,Low,Within safe parameters
Soda,Beverage,4,0,8.54,1.62,10.29,2026-05-24,2026-06-08 00:00:00.000000,10,5.27,0,0.019060018,Low,Within safe parameters
Coriander Powder,Spice,0,0,30.74,7.89,16.22,2026-05-07,2026-12-03 00:00:00.000000,188,3.9,0,0.0076475856,Low,Within safe parameters
Paneer,Dairy,5,3,49.09,9.43,37.43,2026-05-29,2026-05-31 00:00:00.000000,2,5.21,0,0.3056139,Medium,Expires soon
Mutton,Meat,3,3,29.33,6.76,10.46,2026-05-28,2026-06-01 00:00:00.000000,3,4.34,1,0.93665177,High,Expires soon
Lemon,Fruit,1,2,20.57,4.18,35.8,2026-05-28,2026-06-05 00:00:00.000000,7,4.92,1,0.9938647,High,High wastage history
Cream,Dairy,5,2,30.92,2.79,5.34,2026-05-28,2026-06-02 00:00:00.000000,4,11.08,1,0.9423245,High,Overstocked
Garam Masala,Spice,1,0,40.2,13.29,30.47,2026-03-22,2027-04-25 00:00:00.000000,331,3.02,0,0.0063882517,Low,High wastage history
Rice,Grain,0,3,45.9,2.15,33.15,2026-05-27,2026-09-28 00:00:00.000000,122,21.35,0,0.027384585,Low,High wastage history
Papaya,Fruit,4,1,6.25,0.59,23.33,2026-05-26,2026-06-06 00:00:00.000000,8,10.59,0,0.055618364,Low,Overstocked
Oats,Grain,1,2,21.06,4.79,22.35,2026-05-13,2026-07-31 00:00:00.000000,63,4.4,0,0.031747878,Low,Within safe parameters
Cream,Dairy,1,2,37.42,8.7,1.81,2026-05-29,2026-06-02 00:00:00.000000,4,4.3,0,0.043088272,Low,Overstocked
Cabbage,Vegetable,2,2,14.71,1.14,5.42,2026-05-29,2026-06-07 00:00:00.000000,9,12.9,0,0.0042260895,Low,Overstocked
Red Chilli,Spice,1,0,19.09,5.25,26.47,2026-04-11,2027-04-13 00:00:00.000000,319,3.64,0,0.011583498,Low,High wastage history
Coriander Powder,Spice,4,2,26.68,7.79,8.91,2026-04-09,2027-05-29 00:00:00.000000,365,3.42,1,0.8037902,High,Within safe parameters
Capsicum,Vegetable,5,3,26.83,8.85,9.9,2026-05-28,2026-06-08 00:00:00.000000,10,3.03,0,0.022153957,Low,Within safe parameters
Curd,Dairy,2,2,30.94,11.59,35.56,2026-05-28,2026-06-05 00:00:00.000000,7,2.67,1,0.9820004,High,High wastage history
Spinach,Vegetable,1,2,37.16,6.04,9.37,2026-05-29,2026-05-31 00:00:00.000000,2,6.15,1,0.98883176,High,Expires soon
Orange Juice,Beverage,0,1,40.88,11.99,12.76,2026-05-26,2026-06-14 00:00:00.000000,16,3.41,0,0.010886902,Low,Within safe parameters
Coriander Powder,Spice,3,1,26.3,4.41,11.01,2026-03-06,2026-11-08 00:00:00.000000,163,5.96,0,0.016844133,Low,Within safe parameters
Lentils,Grain,5,1,25.03,9.74,37.66,2026-05-12,2026-10-15 00:00:00.000000,139,2.57,0,0.020687835,Low,High wastage history
Coconut Water,Beverage,1,3,19.13,5.8,18.94,2026-05-25,2026-06-09 00:00:00.000000,11,3.3,0,0.0046395794,Low,Within safe parameters
Cream,Dairy,1,1,20.93,3.55,21.2,2026-05-27,2026-05-31 00:00:00.000000,2,5.9,1,0.9840359,High,Expires soon
Curd,Dairy,5,0,42.43,1.66,28.98,2026-05-28,2026-05-31 00:00:00.000000,2,25.56,1,0.9957997,High,Expires soon
Cheese,Dairy,2,2,36.35,8.17,19.18,2026-05-27,2026-06-01 00:00:00.000000,3,4.45,1,0.98029,High,Expires soon
Butter,Dairy,4,2,6.31,2.52,19.16,2026-05-27,2026-06-01 00:00:00.000000,3,2.5,1,0.9798163,High,Expires soon
Lentils,Grain,1,1,16.42,4.445,18.65,2026-05-12,2026-08-28 00:00:00.000000,91,3.69,0,0.0046641817,Low,Within safe parameters
Butter,Dairy,0,0,5.38,2.11,18.78,2026-05-28,2026-06-03 00:00:00.000000,5,2.55,0,0.00802934,Low,Within safe parameters
Apple,Fruit,1,0,37.19,0.34,22.13,2026-05-28,2026-06-01 00:00:00.000000,3,109.38,1,0.9757578,High,Expires soon
Red Chilli,Spice,4,0,11.89,2.75,9.83,2026-04-17,2026-12-05 00:00:00.000000,190,4.32,0,0.006017763,Low,Within safe parameters
Coriander Powder,Spice,1,0,8.83,2.83,6.77,2026-04-01,2027-05-05 00:00:00.000000,341,3.12,0,0.0066391183,Low,Within safe parameters
Mutton,Meat,0,2,47.29,12.67,30.57,2026-05-29,2026-05-30 00:00:00.000000,1,3.73,1,0.9663273,High,Expires soon
Mango Pulp,Beverage,5,2,11.33,2.12,2.42,2026-05-29,2026-06-09 00:00:00.000000,11,5.34,0,0.005183459,Low,Within safe parameters
Oats,Grain,2,3,27.81,0.23,21.18,2026-05-12,2026-06-29 00:00:00.000000,31,120.91,0,0.006058355,Low,Overstocked
Paneer,Dairy,4,3,26.46,2.63,24.79,2026-05-29,2026-05-31 00:00:00.000000,2,10.06,1,0.9672372,High,Expires soon
Butter,Dairy,2,3,23.22,2.33,27.89,2026-05-28,2026-06-02 00:00:00.000000,4,9.97,1,0.9895259,High,High wastage history
Orange Juice,Beverage,2,2,19.17,3.7,25.47,2026-05-23,2026-06-17 00:00:00.000000,19,5.18,0,0.0060733273,Low,High wastage history
Broccoli,Vegetable,5,3,48.88,19.04,35.79,2026-05-27,2026-06-05 00:00:00.000000,7,2.57,1,0.9392032,High,High wastage history
Mango,Fruit,3,3,34.38,3.93,21.72,2026-05-29,2026-06-01 00:00:00.000000,3,8.75,1,0.97256666,High,Expires soon
Orange,Fruit,2,0,37.74,10.79,15.93,2026-05-28,2026-06-04 00:00:00.000000,6,3.5,0,0.008900773,Low,Within safe parameters
Papaya,Fruit,0,1,19.5,5.8,31.62,2026-05-27,2026-06-07 00:00:00.000000,9,3.36,0,0.017557198,Low,High wastage history
Cabbage,Vegetable,2,0,11.99,0.46,24.21,2026-05-28,2026-06-01 00:00:00.000000,3,26.07,1,0.9949922,High,Expires soon
Oats,Grain,2,0,49.63,9.79,14.23,2026-05-04,2026-09-05 00:00:00.000000,99,5.07,0,0.0036631674,Low,Within safe parameters
Mutton,Meat,2,3,40.0,11.44,3.28,2026-05-28,2026-06-03 00:00:00.000000,5,3.5,0,0.010037267,Low,Within safe parameters
Cumin,Spice,3,3,5.03,1.9,17.79,2026-05-16,2027-02-27 00:00:00.000000,274,2.65,0,0.004540078,Low,Within safe parameters
Potato,Vegetable,4,2,28.07,5.8,4.13,2026-05-28,2026-06-06 00:00:00.000000,8,4.84,0,0.012394181,Low,Within safe parameters
Rice,Grain,1,0,20.98,6.56,28.99,2026-05-20,2026-07-01 00:00:00.000000,33,3.2,0,0.011670752,Low,High wastage history
Papaya,Fruit,5,1,7.37,0.96,19.72,2026-05-28,2026-06-07 00:00:00.000000,9,7.68,0,0.0066610705,Low,Within safe parameters
Fish,Meat,3,3,18.38,6.95,28.84,2026-05-29,2026-06-02 00:00:00.000000,4,2.64,1,0.9933293,High,High wastage history
Wheat Flour,Grain,2,3,0.83,0.19,33.66,2026-05-20,2026-08-01 00:00:00.000000,64,4.37,0,0.02828163,Low,High wastage history
Coconut Water,Beverage,3,3,15.37,3.75,27.81,2026-05-27,2026-06-18 00:00:00.000000,20,4.1,0,0.0016693741,Low,High wastage history
Banana,Fruit,3,0,48.4,15.16,13.04,2026-05-26,2026-06-12 00:00:00.000000,14,3.19,0,0.025844889,Low,Within safe parameters
Soda,Beverage,2,0,29.82,6.55,27.27,2026-05-26,2026-06-23 00:00:00.000000,25,4.55,0,0.010407661,Low,High wastage history
Red Chilli,Spice,1,1,3.92,1.34,31.8,2026-03-02,2027-01-23 00:00:00.000000,239,2.93,0,0.0073476625,Low,High wastage history
Watermelon,Fruit,4,0,35.9,11.35,2.96,2026-05-28,2026-06-05 00:00:00.000000,7,3.16,0,0.021811467,Low,Within safe parameters
Eggs,Meat,0,3,27.41,8.69,14.38,2026-05-28,2026-06-03 00:00:00.000000,5,3.15,0,0.009651247,Low,Within safe parameters
Chickpeas,Grain,2,2,33.4,2.31,24.51,2026-05-08,2026-08-30 00:00:00.000000,93,14.46,0,0.008585336,Low,Within safe parameters
Red Chilli,Spice,1,0,5.38,0.56,29.87,2026-05-28,2026-10-20 00:00:00.000000,144,9.61,0,0.006294037,Low,High wastage history
Garam Masala,Spice,1,1,23.42,6.4,27.62,2026-04-09,2027-03-06 00:00:00.000000,281,3.66,0,0.0057096067,Low,High wastage history
Broccoli,Vegetable,3,2,6.25,2.36,5.67,2026-05-29,2026-06-06 00:00:00.000000,8,2.65,0,0.05399241,Low,Within safe parameters
Mutton,Meat,3,3,22.19,6.21,12.76,2026-05-29,2026-06-02 00:00:00.000000,4,3.57,0,0.11159199,Low,Within safe parameters
Orange Juice,Beverage,3,2,34.02,2.32,39.36,2026-05-28,2026-06-25 00:00:00.000000,27,14.66,0,0.08623795,Low,High wastage history
Papaya,Fruit,3,1,47.94,4.52,16.2,2026-05-26,2026-06-09 00:00:00.000000,11,10.61,0,0.024026854,Low,Within safe parameters
Red Chilli,Spice,2,3,29.81,4.7,28.19,2026-04-02,2027-01-18 23:14:06.875134,234,6.34,0,0.0021711448,Low,High wastage history
Orange Juice,Beverage,0,2,16.64,3.1,10.49,2026-05-24,2026-06-10 00:00:00.000000,12,5.37,0,0.0024633878,Low,Within safe parameters
Lentils,Grain,0,0,19.93,1.0,14.08,2026-05-10,2026-10-05 00:00:00.000000,129,19.93,0,0.003061089,Low,Within safe parameters
Orange,Fruit,0,0,33.77,4.3,9.54,2026-05-29,2026-06-10 00:00:00.000000,12,7.85,0,0.009713677,Low,Within safe parameters
Cream,Dairy,0,1,30.02,6.94,16.92,2026-05-28,2026-06-03 00:00:00.000000,5,4.33,0,0.012194427,Low,Within safe parameters
Lentils,Grain,0,1,14.8,1.19,33.68,2026-05-14,2026-08-09 00:00:00.000000,72,12.44,0,0.0065709664,Low,High wastage history
Coconut Water,Beverage,1,2,40.85,15.75,20.22,2026-05-26,2026-06-09 00:00:00.000000,11,2.59,0,0.053817257,Low,Within safe parameters
Red Chilli,Spice,5,3,8.78,2.03,31.84,2026-03-28,2027-04-11 00:00:00.000000,317,4.33,0,0.009230981,Low,High wastage history
Capsicum,Vegetable,0,1,39.15,8.9,30.9,2026-05-29,2026-06-04 00:00:00.000000,6,4.4,1,0.9183789,High,High wastage history
Rice,Grain,3,2,49.55,10.79,30.27,2026-05-03,2026-11-14 00:00:00.000000,169,4.59,0,0.0021964356,Low,High wastage history
Eggs,Meat,1,1,15.24,6.09,17.99,2026-05-29,2026-05-30 00:00:00.000000,1,2.5,1,0.9947995,High,Expires soon
Orange Juice,Beverage,2,3,40.63,9.6,14.03,2026-05-26,2026-06-12 00:00:00.000000,14,4.23,0,0.0034701645,Low,Within safe parameters
Red Chilli,Spice,0,1,40.77,13.15,22.8,2026-05-03,2026-11-06 00:00:00.000000,161,3.1,0,0.0017100158,Low,Within safe parameters
Chickpeas,Grain,3,1,28.85,11.0,20.58,2026-05-20,2026-09-10 00:00:00.000000,104,2.62,0,0.06453784,Low,Within safe parameters
Orange Juice,Beverage,1,1,43.42,2.29,34.64,2026-05-25,2026-06-06 00:00:00.000000,8,18.96,1,0.8455152,High,High wastage history
Coriander Powder,Spice,5,1,7.54,1.94,25.11,2026-03-28,2027-03-16 00:00:00.000000,291,3.89,0,0.070857584,Low,High wastage history
Spinach,Vegetable,0,3,46.85,6.98,38.01,2026-05-27,2026-06-04 00:00:00.000000,6,6.71,1,0.9621218,High,High wastage history
Spinach,Vegetable,5,3,39.89,6.41,38.73,2026-05-29,2026-06-05 00:00:00.000000,7,6.22,1,0.79310685,High,High wastage history
Fish,Meat,3,0,28.52,5.59,13.75,2026-05-29,2026-06-01 00:00:00.000000,3,5.1,1,0.9821056,High,Expires soon
Tomato,Vegetable,5,2,6.65,2.3,17.65,2026-05-29,2026-06-07 00:00:00.000000,9,2.89,1,0.0076568224,Low,Within safe parameters
Mutton,Meat,5,1,43.78,15.36,3.73,2026-05-29,2026-06-01 00:00:00.000000,3,2.85,1,0.98783433,High,Expires soon
Carrot,Vegetable,2,1,15.62,4.4,9.37,2026-05-27,2026-06-06 00:00:00.000000,8,3.55,0,0.01281337,Low,Within safe parameters
Turmeric,Spice,4,2,7.07,0.72,27.2,2026-05-20,2027-04-28 00:00:00.000000,334,9.82,1,0.6529289,High,High wastage history
Coriander Powder,Spice,1,2,4.01,0.68,29.23,2026-03-29,2026-11-02 00:00:00.000000,157,5.9,0,0.006289828,Low,High wastage history
Butter,Dairy,4,0,32.26,8.77,2.74,2026-05-29,2026-06-03 00:00:00.000000,5,3.68,0,0.0549554,Low,Within safe parameters
Lentils,Grain,1,1,11.05,3.33,36.8,2026-05-06,2026-09-25 00:00:00.000000,119,3.32,0,0.00624623,Low,High wastage history
Mutton,Meat,2,2,29.68,4.62,38.53,2026-05-29,2026-05-31 00:00:00.000000,2,6.42,1,0.9982693,High,Expires soon
Mango,Fruit,5,0,27.89,6.73,24.3,2026-05-28,2026-06-02 00:00:00.000000,4,4.14,0,0.0129446145,Low,Overstocked
Turmeric,Spice,4,0,25.72,7.72,11.82,2026-03-13,2027-05-19 00:00:00.000000,355,3.33,0,0.028092561,Low,Within safe parameters
Mango Pulp,Beverage,1,3,25.23,6.03,21.13,2026-05-26,2026-06-08 00:00:00.000000,10,4.18,0,0.005389261,Low,Within safe parameters
Butter,Dairy,1,1,18.59,5.11,30.51,2026-05-28,2026-06-04 00:00:00.000000,6,3.64,1,0.98980474,High,High wastage history
Orange Juice,Beverage,0,2,13.48,0.31,2.42,2026-05-29,2026-06-07 00:00:00.000000,9,43.48,0,0.003813686,Low,Overstocked
Semolina,Grain,1,3,32.21,6.97,6.11,2026-05-27,2026-10-08 00:00:00.000000,132,4.62,0,0.0025307816,Low,Within safe parameters
Cabbage,Vegetable,4,1,19.84,5.07,33.38,2026-05-28,2026-06-08 00:00:00.000000,10,3.91,0,0.08640328,Low,High wastage history
Capsicum,Vegetable,5,3,12.6,4.67,4.64,2026-05-29,2026-06-03 00:00:00.000000,5,2.7,0,0.040626246,Low,Within safe parameters
Capsicum,Vegetable,2,1,7.29,0.13,19.86,2026-05-27,2026-05-31 00:00:00.000000,2,56.08,1,0.99756795,High,Expires soon
Lentils,Grain,4,0,37.61,13.15,29.32,2026-05-25,2026-10-01 00:00:00.000000,125,2.86,0,0.0461138,Low,High wastage history
Carrot,Vegetable,3,3,13.52,5.28,25.1,2026-05-29,2026-06-08 00:00:00.000000,10,2.56,0,0.009045193,Low,High wastage history
Semolina,Grain,1,2,18.7,1.98,4.12,2026-05-24,2026-11-20 00:00:00.000000,175,9.44,0,0.0041631907,Low,Within safe parameters
Turmeric,Spice,5,1,2.68,0.94,9.78,2026-05-29,2027-05-14 00:00:00.000000,350,2.85,0,0.14800377,Low,Within safe parameters
Mutton,Meat,2,1,11.61,1.23,36.63,2026-05-28,2026-06-03 00:00:00.000000,5,9.44,1,0.99555284,High,High wastage history
Orange Juice,Beverage,2,0,9.38,3.04,39.26,2026-05-29,2026-06-21 00:00:00.000000,23,3.09,0,0.015512239,Low,High wastage history
Broccoli,Vegetable,3,0,27.88,0.19,8.03,2026-05-29,2026-06-05 00:00:00.000000,7,146.74,1,0.94376636,High,Overstocked
Cream,Dairy,1,1,48.61,19.4,31.04,2026-05-27,2026-06-02 00:00:00.000000,4,2.51,1,0.9745249,High,High wastage history
Wheat Flour,Grain,2,1,12.03,1.73,33.58,2026-05-29,2026-10-10 00:00:00.000000,134,6.95,0,0.010801475,Low,High wastage history
Paneer,Dairy,5,3,5.65,1.24,9.53,2026-05-28,2026-06-05 00:00:00.000000,7,4.56,0,0.011857248,Low,Within safe parameters
Potato,Vegetable,2,0,25.68,9.39,28.03,2026-05-29,2026-05-31 00:00:00.000000,2,2.73,1,0.9978029,High,Expires soon
Turmeric,Spice,0,2,41.09,1.32,22.71,2026-03-09,2026-11-03 00:00:00.000000,158,31.13,0,0.0027300112,Low,Within safe parameters
Mango,Fruit,3,0,35.19,10.38,12.72,2026-05-26,2026-06-06 00:00:00.000000,8,3.39,0,0.04350951,Low,Within safe parameters
Onion,Vegetable,0,1,5.73,1.09,12.56,2026-05-29,2026-06-01 00:00:00.000000,3,5.26,1,0.9910459,High,Expires soon
Curd,Dairy,3,3,42.7,1.64,32.3,2026-05-28,2026-06-03 00:00:00.000000,5,26.04,1,0.9821138,High,High wastage history
Garam Masala,Spice,4,2,5.02,0.57,14.23,2026-05-11,2027-02-10 00:00:00.000000,257,8.81,0,0.019862693,Low,Within safe parameters
Coriander Powder,Spice,4,0,42.8,9.56,22.0,2026-04-08,2026-09-11 00:00:00.000000,105,4.48,0,0.07577701,Low,Within safe parameters
Potato,Vegetable,2,2,6.97,2.31,14.89,2026-05-29,2026-05-31 00:00:00.000000,2,3.02,1,0.99159205,High,Expires soon
Turmeric,Spice,2,0,10.29,2.69,32.37,2026-05-21,2026-09-07 00:00:00.000000,101,3.83,0,0.0056451196,Low,High wastage history
Coconut Water,Beverage,2,2,8.82,2.07,32.87,2026-05-29,2026-06-19 00:00:00.000000,21,4.26,0,0.009107344,Low,High wastage history
Mushroom,Vegetable,4,3,45.46,5.07,17.84,2026-05-29,2026-06-05 00:00:00.000000,7,8.97,0,0.81026596,High,Overstocked
Chickpeas,Grain,5,1,20.89,4.65,2.44,2026-05-14,2026-09-11 00:00:00.000000,105,4.49,0,0.014683,Low,Within safe parameters
Banana,Fruit,5,1,31.72,10.2,31.79,2026-05-28,2026-06-09 00:00:00.000000,11,3.11,0,0.022244208,Low,High wastage history
Coconut Water,Beverage,0,3,45.68,9.23,15.54,2026-05-24,2026-06-20 00:00:00.000000,22,4.95,0,0.0020197511,Low,Within safe parameters
Milk,Dairy,2,1,40.53,7.7,14.3,2026-05-29,2026-06-02 00:00:00.000000,4,5.26,0,0.06812188,Low,Overstocked
Mango,Fruit,4,2,13.69,4.49,36.69,2026-05-28,2026-06-11 00:00:00.000000,13,3.05,0,0.013002266,Low,High wastage history
Papaya,Fruit,3,3,12.21,1.62,29.52,2026-05-28,2026-06-03 00:00:00.000000,5,7.54,1,0.99445844,High,High wastage history
Rice,Grain,0,0,28.37,2.22,39.52,2026-05-25,2026-11-19 00:00:00.000000,174,12.78,0,0.011167021,Low,High wastage history
Eggs,Meat,4,0,4.97,0.54,8.75,2026-05-29,2026-06-02 00:00:00.000000,4,9.2,1,0.99157727,High,Overstocked
Carrot,Vegetable,4,1,9.28,3.0,34.73,2026-05-27,2026-06-05 00:00:00.000000,7,3.09,1,0.99440974,High,High wastage history
Papaya,Fruit,2,1,48.05,7.24,37.68,2026-05-27,2026-06-09 00:00:00.000000,11,6.64,0,0.02238341,Low,High wastage history
Carrot,Vegetable,3,0,36.75,6.48,25.57,2026-05-29,2026-06-04 11:14:06.875134,6,5.67,1,0.972072,High,High wastage history
Curd,Dairy,4,0,40.82,6.24,29.36,2026-05-27,2026-06-05 00:00:00.000000,7,6.54,1,0.97662306,High,High wastage history
Watermelon,Fruit,5,2,42.61,13.16,22.7,2026-05-26,2026-06-10 00:00:00.000000,12,3.24,0,0.0080391215,Low,Within safe parameters
Milk,Dairy,5,1,46.87,2.72,29.81,2026-05-29,2026-06-04 00:00:00.000000,6,17.23,1,0.985508,High,High wastage history
Curd,Dairy,5,2,36.6,4.98,0.46,2026-05-27,2026-06-05 00:00:00.000000,7,7.35,0,0.033726383,Low,Overstocked
Turmeric,Spice,3,0,2.88,0.56,16.79,2026-05-29,2026-10-21 00:00:00.000000,145,5.14,0,0.01870868,Low,Within safe parameters
Prawns,Meat,3,3,5.52,1.11,34.56,2026-05-28,2026-06-03 00:00:00.000000,5,4.97,1,0.9866862,High,High wastage history
Cumin,Spice,1,1,15.1,1.99,38.07,2026-05-25,2026-10-03 00:00:00.000000,127,7.59,0,0.011985682,Low,High wastage history
Banana,Fruit,5,1,17.23,6.79,35.73,2026-05-29,2026-06-02 00:00:00.000000,4,2.54,1,0.99209785,High,High wastage history
Mutton,Meat,4,3,16.89,6.59,16.37,2026-05-29,2026-05-30 00:00:00.000000,1,2.56,1,0.9874128,High,Expires soon
Garam Masala,Spice,5,0,12.26,0.34,22.87,2026-04-21,2027-01-18 00:00:00.000000,234,36.06,0,0.0031687175,Low,Within safe parameters
Lemon,Fruit,2,0,15.08,4.03,24.01,2026-05-29,2026-06-07 00:00:00.000000,9,3.74,0,0.0038659335,Low,Within safe parameters
Onion,Vegetable,5,1,23.94,1.19,31.4,2026-05-29,2026-06-04 00:00:00.000000,6,20.12,1,0.99557245,High,High wastage history
Coriander Powder,Spice,5,2,18.87,2.94,7.46,2026-05-06,2027-03-13 00:00:00.000000,288,6.42,1,0.56914556,Medium,Within safe parameters
Prawns,Meat,4,0,7.98,2.25,3.87,2026-05-29,2026-06-01 11:14:06.875134,3,3.55,1,0.99331105,High,Expires soon
Soda,Beverage,0,1,41.01,6.93,21.42,2026-05-23,2026-06-06 00:00:00.000000,8,5.92,0,0.007776234,Low,Within safe parameters
Eggs,Meat,1,1,20.04,6.86,1.39,2026-05-29,2026-06-01 00:00:00.000000,3,2.92,1,0.9938558,High,Expires soon
Chickpeas,Grain,2,1,47.48,3.26,8.48,2026-05-24,2026-10-20 00:00:00.000000,144,14.56,0,0.010748221,Low,Within safe parameters
Turmeric,Spice,1,2,16.64,1.91,18.33,2026-03-20,2027-03-18 00:00:00.000000,293,8.71,0,0.00789511,Low,Within safe parameters
Soda,Beverage,1,2,28.55,6.7,38.59,2026-05-27,2026-06-09 00:00:00.000000,11,4.26,0,0.034940265,Low,High wastage history
Zucchini,Vegetable,3,2,43.96,4.72,26.19,2026-05-28,2026-06-08 00:00:00.000000,10,9.31,0,0.017963802,Low,High wastage history
Chicken,Meat,3,1,31.1,8.5,16.07,2026-05-29,2026-06-02 00:00:00.000000,4,3.66,0,0.08142553,Low,Within safe parameters
Cream,Dairy,2,1,46.08,16.54,0.81,2026-05-28,2026-06-05 00:00:00.000000,7,2.79,0,0.016443826,Low,Within safe parameters
Butter,Dairy,1,0,5.36,1.88,5.38,2026-05-27,2026-06-05 00:00:00.000000,7,2.85,0,0.007550667,Low,Within safe parameters
Fish,Meat,5,0,9.8,0.91,32.96,2026-05-29,2026-06-02 00:00:00.000000,4,10.77,1,0.998553,High,High wastage history
Coconut Water,Beverage,0,2,15.9,3.27,5.43,2026-05-28,2026-06-10 00:00:00.000000,12,4.86,0,0.0016639258,Low,Within safe parameters
Rice,Grain,4,1,3.35,0.14,2.02,2026-05-03,2026-08-18 00:00:00.000000,81,23.93,0,0.0139670735,Low,Within safe parameters
Apple,Fruit,1,0,31.95,1.67,1.22,2026-05-26,2026-06-09 00:00:00.000000,11,19.13,0,0.009669454,Low,Overstocked
Oats,Grain,1,1,17.81,1.25,35.78,2026-05-12,2026-11-25 00:00:00.000000,180,14.25,0,0.0041543436,Low,High wastage history
Turmeric,Spice,2,0,8.56,2.0,38.6,2026-05-23,2027-03-12 00:00:00.000000,287,4.28,0,0.0047100843,Low,High wastage history
Cumin,Spice,3,1,1.49,0.49,30.7,2026-03-25,2027-03-24 00:00:00.000000,299,3.04,1,0.7453906,High,High wastage history
Watermelon,Fruit,0,1,12.99,4.2,12.22,2026-05-28,2026-06-01 00:00:00.000000,3,3.09,1,0.9919499,High,Expires soon
Coriander Powder,Spice,1,3,12.97,2.47,27.09,2026-04-01,2027-02-21 00:00:00.000000,268,5.25,0,0.0006299357,Low,High wastage history
Eggs,Meat,2,2,28.29,6.76,11.31,2026-05-28,2026-06-03 00:00:00.000000,5,4.18,0,0.0126911765,Low,Within safe parameters
Chicken,Meat,3,0,13.43,3.85,35.69,2026-05-28,2026-06-01 00:00:00.000000,3,3.49,1,0.99727315,High,Expires soon
Papaya,Fruit,2,1,33.2,9.07,28.85,2026-05-26,2026-06-07 11:14:06.875134,9,3.66,0,0.0053100768,Low,High wastage history
Butter,Dairy,1,3,2.25,0.67,22.88,2026-05-27,2026-06-03 00:00:00.000000,5,3.36,0,0.022343824,Low,Within safe parameters
Cumin,Spice,5,3,15.36,1.13,26.3,2026-03-26,2027-02-26 00:00:00.000000,273,13.59,0,0.011507617,Low,High wastage history
Paneer,Dairy,4,3,36.4,8.18,36.5,2026-05-28,2026-06-05 00:00:00.000000,7,4.45,1,0.8898371,High,High wastage history
Cream,Dairy,4,2,37.34,4.66,31.52,2026-05-29,2026-06-02 00:00:00.000000,4,8.01,1,0.965748,High,High wastage history
Milk,Dairy,1,0,3.16,0.84,23.21,2026-05-28,2026-05-31 00:00:00.000000,2,3.76,1,0.98465586,High,Expires soon
Mutton,Meat,5,2,20.95,7.31,6.03,2026-05-28,2026-06-02 00:00:00.000000,4,2.87,0,0.0650728,Low,Within safe parameters
Cheese,Dairy,4,3,9.43,0.4,13.31,2026-05-27,2026-06-02 00:00:00.000000,4,23.58,1,0.99233973,High,Overstocked
Cream,Dairy,2,2,10.86,3.38,23.05,2026-05-28,2026-06-03 00:00:00.000000,5,3.21,0,0.007827327,Low,Within safe parameters
Orange Juice,Beverage,0,1,20.47,7.91,15.33,2026-05-23,2026-06-18 00:00:00.000000,20,2.59,1,0.8130649,High,Within safe parameters
Butter,Dairy,2,1,29.64,2.06,32.95,2026-05-27,2026-06-03 00:00:00.000000,5,14.39,1,0.98482347,High,High wastage history
Cheese,Dairy,1,0,17.47,6.31,14.37,2026-05-29,2026-06-05 00:00:00.000000,7,2.77,0,0.028627645,Low,Within safe parameters
Soda,Beverage,4,2,10.95,0.19,20.19,2026-05-27,2026-06-12 00:00:00.000000,14,57.63,0,0.018618185,Low,Overstocked
Turmeric,Spice,5,3,31.35,7.49,1.92,2026-03-22,2027-01-04 00:00:00.000000,220,4.19,0,0.0012401692,Low,Within safe parameters
Orange Juice,Beverage,5,2,22.49,1.2,10.11,2026-05-23,2026-06-08 00:00:00.000000,10,18.74,0,0.09429873,Low,Overstocked
Watermelon,Fruit,3,2,33.29,3.67,24.23,2026-05-29,2026-06-07 00:00:00.000000,9,9.07,0,0.010249057,Low,Overstocked
Orange Juice,Beverage,3,2,25.14,6.16,31.12,2026-05-28,2026-06-08 00:00:00.000000,10,4.08,0,0.046696674,Low,High wastage history
Apple,Fruit,3,3,27.63,10.07,27.53,2026-05-29,2026-06-03 00:00:00.000000,5,2.74,1,0.9882464,High,High wastage history
Lemon,Fruit,5,2,41.84,11.23,5.97,2026-05-29,2026-06-02 00:00:00.000000,4,3.73,0,0.05220682,Low,Within safe parameters
Rice,Grain,3,2,49.44,5.92,18.57,2026-05-15,2026-08-26 00:00:00.000000,89,8.35,0,0.0025510446,Low,Within safe parameters
Orange,Fruit,3,2,21.59,1.09,34.05,2026-05-27,2026-06-06 00:00:00.000000,8,19.81,1,0.85233223,High,High wastage history
Potato,Vegetable,3,1,47.78,5.2,29.32,2026-05-28,2026-06-05 00:00:00.000000,7,9.19,1,0.9775729,High,High wastage history
Curd,Dairy,1,2,13.96,2.22,34.03,2026-05-28,2026-06-03 00:00:00.000000,5,6.29,1,0.9886939,High,High wastage history
Cumin,Spice,4,2,5.63,2.06,19.31,2026-05-09,2026-09-26 00:00:00.000000,120,2.73,0,0.03454494,Low,Within safe parameters
Mutton,Meat,3,3,43.2,15.22,29.09,2026-05-29,2026-06-03 00:00:00.000000,5,2.84,1,0.9437542,High,High wastage history
Prawns,Meat,1,2,3.64,0.99,0.49,2026-05-29,2026-06-02 00:00:00.000000,4,3.68,0,0.033541422,Low,Within safe parameters
Lentils,Grain,5,1,26.39,7.43,3.81,2026-05-13,2026-09-22 00:00:00.000000,116,3.55,0,0.0035316616,Low,Within safe parameters
Banana,Fruit,5,0,7.86,2.62,35.68,2026-05-26,2026-06-11 00:00:00.000000,13,3.0,0,0.022437675,Low,High wastage history
Potato,Vegetable,1,3,37.7,4.9,13.24,2026-05-29,2026-06-02 00:00:00.000000,4,7.69,1,0.95217496,High,Overstocked
Wheat Flour,Grain,1,3,23.23,7.47,17.92,2026-05-27,2026-08-27 00:00:00.000000,90,3.11,0,0.0035673077,Low,Within safe parameters
Fish,Meat,1,2,21.415,0.39,21.96,2026-05-29,2026-05-30 00:00:00.000000,1,54.91,1,0.9974953,High,Expires soon
Coconut Water,Beverage,5,1,47.54,6.97,2.17,2026-05-22,2026-06-26 00:00:00.000000,28,6.82,0,0.020937676,Low,Within safe parameters
Fish,Meat,5,3,6.14,1.89,8.87,2026-05-28,2026-06-01 00:00:00.000000,3,3.25,1,0.94988143,High,Expires soon
Coconut Water,Beverage,5,0,44.9,8.89,32.87,2026-05-29,2026-06-08 00:00:00.000000,10,5.05,0,0.026979892,Low,High wastage history
Chicken,Meat,0,0,6.48,2.22,8.62,2026-05-29,2026-05-31 00:00:00.000000,2,2.92,1,0.98122853,High,Expires soon
Watermelon,Fruit,2,0,46.37,15.55,23.55,2026-05-29,2026-06-07 00:00:00.000000,9,2.98,0,0.0038842221,Low,Within safe parameters
Prawns,Meat,1,1,27.88,4.88,23.4,2026-05-29,2026-05-30 00:00:00.000000,1,5.71,1,0.96189,High,Expires soon
Mango Pulp,Beverage,5,1,19.68,4.77,35.31,2026-05-28,2026-06-09 00:00:00.000000,11,4.13,0,0.070815556,Low,High wastage history
Prawns,Meat,3,1,48.54,8.85,5.33,2026-05-28,2026-06-02 00:00:00.000000,4,5.48,0,0.12859043,Low,Overstocked
Garam Masala,Spice,5,0,31.81,2.64,24.97,2026-03-20,2027-02-03 00:00:00.000000,250,12.05,0,0.006221219,Low,Within safe parameters
Cream,Dairy,5,1,25.44,7.1,12.9,2026-05-29,2026-06-05 00:00:00.000000,7,3.58,0,0.053139962,Low,Within safe parameters
Milk,Dairy,0,3,35.65,9.65,35.75,2026-05-27,2026-06-04 00:00:00.000000,6,3.69,1,0.9290403,High,High wastage history
Soda,Beverage,0,2,19.35,4.095000000000001,2.26,2026-05-29,2026-06-08 00:00:00.000000,10,4.73,0,0.0078665335,Low,Within safe parameters
Mango Pulp,Beverage,5,0,42.05,11.65,11.81,2026-05-27,2026-06-13 00:00:00.000000,15,3.61,0,0.09700689,Low,Within safe parameters
Carrot,Vegetable,2,3,37.25,8.41,9.5,2026-05-29,2026-06-08 00:00:00.000000,10,4.43,0,0.018671611,Low,Within safe parameters
Coconut Water,Beverage,1,2,47.86,18.68,12.51,2026-05-23,2026-06-17 00:00:00.000000,19,2.56,0,0.057929743,Low,Within safe parameters
Capsicum,Vegetable,0,1,45.62,12.89,25.91,2026-05-29,2026-06-07 00:00:00.000000,9,3.54,0,0.0039821374,Low,High wastage history
Lentils,Grain,5,1,22.72,8.94,2.98,2026-05-20,2026-08-16 00:00:00.000000,79,2.54,0,0.015801698,Low,Within safe parameters
Garam Masala,Spice,1,2,14.32,1.59,6.44,2026-04-05,2026-09-16 00:00:00.000000,110,9.01,0,0.002612722,Low,Within safe parameters
Carrot,Vegetable,5,3,8.11,1.11,2.03,2026-05-29,2026-06-02 00:00:00.000000,4,7.31,1,0.23789719,Low,Overstocked
Lentils,Grain,1,0,18.23,5.74,12.71,2026-05-12,2026-11-21 00:00:00.000000,176,3.18,0,0.0019996339,Low,Within safe parameters
Papaya,Fruit,0,2,27.38,4.48,13.98,2026-05-26,2026-06-03 00:00:00.000000,5,6.11,0,0.039017092,Low,Overstocked
Coriander Powder,Spice,3,0,47.54,11.8,18.99,2026-05-02,2027-01-24 00:00:00.000000,240,4.03,0,0.0075662234,Low,Within safe parameters
Orange Juice,Beverage,5,2,12.4,3.22,36.74,2026-05-22,2026-06-16 00:00:00.000000,18,3.85,0,0.008983251,Low,High wastage history
Carrot,Vegetable,2,3,27.24,3.15,36.45,2026-05-28,2026-06-06 00:00:00.000000,8,8.65,0,0.014923382,Low,High wastage history
Milk,Dairy,1,3,44.96,3.54,20.56,2026-05-28,2026-05-31 00:00:00.000000,2,12.7,1,0.9835728,High,Expires soon
Orange,Fruit,5,2,33.68,10.44,34.6,2026-05-28,2026-06-02 00:00:00.000000,4,3.23,1,0.9656839,High,High wastage history
Onion,Vegetable,5,3,34.46,0.43,28.67,2026-05-27,2026-06-01 00:00:00.000000,3,80.14,0,0.25866657,Low,Expires soon
Tomato,Vegetable,3,1,25.68,2.71,10.35,2026-05-29,2026-06-08 00:00:00.000000,10,9.48,0,0.0070429193,Low,Within safe parameters
Red Chilli,Spice,3,3,33.83,7.28,25.66,2026-04-10,2026-09-04 00:00:00.000000,98,4.65,0,0.0026673921,Low,High wastage history
Orange Juice,Beverage,3,2,14.85,4.11,24.26,2026-05-28,2026-06-21 00:00:00.000000,23,3.61,0,0.0073952605,Low,Within safe parameters
Prawns,Meat,5,3,8.24,0.8,29.87,2026-05-28,2026-05-30 00:00:00.000000,1,10.3,1,0.99266666,High,Expires soon
Coconut Water,Beverage,3,1,47.89,0.31,34.99,2026-05-24,2026-06-26 00:00:00.000000,28,154.48,1,0.8045302,High,High wastage history
Tomato,Vegetable,0,3,15.58,4.69,36.14,2026-05-29,2026-06-08 00:00:00.000000,10,3.32,0,0.009649424,Low,High wastage history
Eggs,Meat,4,1,31.04,3.21,4.58,2026-05-29,2026-05-31 00:00:00.000000,2,9.67,1,0.9792835,High,Expires soon
Rice,Grain,5,3,14.89,0.49,3.93,2026-05-27,2026-11-15 00:00:00.000000,170,30.39,0,0.0035735131,Low,Within safe parameters
Fish,Meat,4,0,14.61,0.5,7.74,2026-05-29,2026-05-31 00:00:00.000000,2,29.22,1,0.99873954,High,Expires soon
Milk,Dairy,5,0,28.49,4.22,12.65,2026-05-29,2026-06-04 00:00:00.000000,6,6.75,0,0.037702307,Low,Overstocked
Carrot,Vegetable,4,1,42.09,2.35,29.32,2026-05-28,2026-06-06 00:00:00.000000,8,17.91,1,0.8217234,High,High wastage history
Prawns,Meat,3,0,9.2,2.27,33.67,2026-05-29,2026-06-02 00:00:00.000000,4,4.05,1,0.9934355,High,High wastage history
Papaya,Fruit,3,1,36.51,13.04,33.98,2026-05-29,2026-06-12 00:00:00.000000,14,2.8,0,0.016561057,Low,High wastage history
Soda,Beverage,2,1,27.4,10.95,18.88,2026-05-25,2026-06-22 00:00:00.000000,24,2.5,0,0.07178882,Low,Within safe parameters
Cheese,Dairy,0,1,7.13,1.48,3.62,2026-05-28,2026-06-05 00:00:00.000000,7,4.82,0,0.009024854,Low,Within safe parameters
Onion,Vegetable,0,1,8.38,1.94,22.63,2026-05-28,2026-06-02 00:00:00.000000,4,4.32,0,0.030616187,Low,Overstocked
Watermelon,Fruit,3,3,38.19,3.62,10.57,2026-05-28,2026-06-01 00:00:00.000000,3,10.55,1,0.9575218,High,Expires soon
Cumin,Spice,1,0,44.14,0.8,25.94,2026-04-01,2027-04-24 00:00:00.000000,330,55.18,0,0.016419172,Low,High wastage history
Lentils,Grain,5,0,27.45,1.99,26.15,2026-05-11,2026-09-03 00:00:00.000000,97,13.79,0,0.0103488825,Low,High wastage history
Turmeric,Spice,1,0,20.59,6.75,13.8,2026-03-24,2026-12-19 00:00:00.000000,204,3.05,0,0.0040505677,Low,Within safe parameters
Rice,Grain,1,1,4.32,1.15,8.46,2026-05-22,2026-08-09 00:00:00.000000,72,3.76,0,0.0026646268,Low,Within safe parameters
Milk,Dairy,5,2,40.65,11.74,19.26,2026-05-28,2026-06-01 00:00:00.000000,3,3.46,1,0.9771712,High,Expires soon
Papaya,Fruit,5,1,12.56,0.73,23.69,2026-05-29,2026-06-07 00:00:00.000000,9,17.21,0,0.0072564376,Low,Overstocked
Rice,Grain,2,1,46.16,9.59,16.22,2026-05-21,2026-08-09 00:00:00.000000,72,4.81,0,0.0034484137,Low,Within safe parameters
Turmeric,Spice,2,0,30.52,5.81,19.27,2026-04-02,2026-12-15 00:00:00.000000,200,5.25,0,0.0024673901,Low,Within safe parameters
Eggs,Meat,0,1,8.8,2.44,36.89,2026-05-28,2026-05-31 00:00:00.000000,2,3.61,1,0.9946464,High,Expires soon
Onion,Vegetable,1,3,1.32,0.32,36.37,2026-05-29,2026-06-02 00:00:00.000000,4,4.12,1,0.9809256,High,High wastage history
Mango Pulp,Beverage,4,2,43.95,9.39,30.1,2026-05-29,2026-06-20 00:00:00.000000,22,4.68,0,0.004160746,Low,High wastage history
Cumin,Spice,5,2,21.32,7.47,27.91,2026-03-24,2027-04-04 00:00:00.000000,310,2.85,0,0.15168276,Low,High wastage history
Soda,Beverage,3,3,21.56,2.27,30.63,2026-05-28,2026-06-23 00:00:00.000000,25,9.5,0,0.008468763,Low,High wastage history
Capsicum,Vegetable,3,3,35.6,11.26,23.12,2026-05-29,2026-06-03 00:00:00.000000,5,3.16,0,0.017428564,Low,Within safe parameters
Mushroom,Vegetable,5,1,18.43,1.23,26.06,2026-05-28,2026-06-05 00:00:00.000000,7,14.98,1,0.9963611,High,High wastage history
Soda,Beverage,0,0,37.87,6.32,31.35,2026-05-23,2026-06-13 00:00:00.000000,15,5.99,0,0.016367942,Low,High wastage history
Milk,Dairy,3,3,17.55,4.98,29.43,2026-05-27,2026-06-02 00:00:00.000000,4,3.52,1,0.9945557,High,High wastage history
Turmeric,Spice,1,1,11.12,1.84,13.54,2026-05-17,2026-11-17 00:00:00.000000,172,6.04,0,0.0013677431,Low,Within safe parameters
Turmeric,Spice,1,1,41.25,7.84,24.01,2026-05-18,2026-08-29 00:00:00.000000,92,5.26,0,0.077258006,Low,Within safe parameters
Curd,Dairy,2,0,36.36,13.54,16.03,2026-05-29,2026-06-04 00:00:00.000000,6,2.69,0,0.023721695,Low,Within safe parameters
Cream,Dairy,4,2,22.23,1.87,26.28,2026-05-28,2026-06-05 00:00:00.000000,7,11.89,1,0.9928844,High,High wastage history
Curd,Dairy,0,2,35.07,8.67,26.96,2026-05-27,2026-06-04 00:00:00.000000,6,4.04,1,0.92709994,High,High wastage history
Turmeric,Spice,2,1,17.98,2.9,23.44,2026-04-08,2027-01-15 00:00:00.000000,231,6.2,0,0.0013127769,Low,Within safe parameters
Turmeric,Spice,0,2,45.79,6.44,38.53,2026-03-19,2027-01-19 00:00:00.000000,235,7.11,0,0.011263583,Low,High wastage history
Wheat Flour,Grain,1,3,13.42,2.24,4.26,2026-05-29,2026-11-22 00:00:00.000000,177,5.99,0,0.00065685215,Low,Within safe parameters
Butter,Dairy,0,2,40.75,9.41,27.77,2026-05-27,2026-06-02 00:00:00.000000,4,4.33,1,0.9302101,High,High wastage history
Oats,Grain,3,1,23.31,5.51,1.09,2026-05-08,2026-10-23 00:00:00.000000,147,4.23,0,0.0044560516,Low,Within safe parameters
Mushroom,Vegetable,5,1,20.92,3.02,21.43,2026-05-28,2026-06-03 00:00:00.000000,5,6.93,0,0.2925122,Low,Overstocked
Curd,Dairy,2,0,37.57,5.21,22.18,2026-05-27,2026-06-03 00:00:00.000000,5,7.21,0,0.017946484,Low,Overstocked
Butter,Dairy,0,1,47.38,12.98,36.4,2026-05-29,2026-06-02 00:00:00.000000,4,3.65,1,0.9756193,High,High wastage history
Mango,Fruit,3,1,10.54,1.13,24.74,2026-05-28,2026-06-04 00:00:00.000000,6,9.33,1,0.95285106,High,Overstocked
Spinach,Vegetable,5,2,0.83,0.3,38.32,2026-05-27,2026-06-07 00:00:00.000000,9,2.77,0,0.079767786,Low,High wastage history
Milk,Dairy,1,0,24.79,9.76,36.64,2026-05-28,2026-06-04 00:00:00.000000,6,2.54,1,0.9894203,High,High wastage history
Orange,Fruit,2,1,24.18,5.28,20.1,2026-05-26,2026-06-09 00:00:00.000000,11,4.58,0,0.012426354,Low,Within safe parameters
Cumin,Spice,2,3,16.12,0.15,26.96,2026-04-01,2027-05-19 00:00:00.000000,355,107.47,0,0.012048727,Low,High wastage history
Carrot,Vegetable,0,0,27.65,2.7,18.85,2026-05-29,2026-06-04 00:00:00.000000,6,10.24,1,0.84398276,High,Overstocked
Curd,Dairy,1,3,35.19,5.3,34.17,2026-05-28,2026-06-01 00:00:00.000000,3,6.64,1,0.9514108,High,Expires soon
Papaya,Fruit,0,1,40.8,11.79,32.16,2026-05-28,2026-06-11 00:00:00.000000,13,3.46,0,0.004796057,Low,High wastage history
Soda,Beverage,4,1,23.91,0.19,16.86,2026-05-27,2026-06-28 00:00:00.000000,30,125.84,0,0.022843903,Low,Overstocked
Coconut Water,Beverage,3,3,20.22,5.62,2.4,2026-05-29,2026-06-13 00:00:00.000000,15,3.6,0,0.0036635345,Low,Within safe parameters
Chicken,Meat,5,3,18.37,4.16,37.27,2026-05-28,2026-06-01 00:00:00.000000,3,4.42,1,0.9841914,High,Expires soon
Mushroom,Vegetable,3,2,29.01,7.57,6.98,2026-05-27,2026-06-03 00:00:00.000000,5,3.83,0,0.028216705,Low,Within safe parameters
Butter,Dairy,5,3,19.36,2.29,25.27,2026-05-29,2026-06-03 00:00:00.000000,5,8.45,1,0.9926714,High,High wastage history
Watermelon,Fruit,1,0,42.52,1.31,6.48,2026-05-26,2026-06-11 00:00:00.000000,13,32.46,0,0.039069723,Low,Overstocked
Cream,Dairy,5,0,32.41,3.59,17.8,2026-05-27,2026-06-02 00:00:00.000000,4,9.03,1,0.9520124,High,Overstocked
Cream,Dairy,1,3,42.78,2.23,9.39,2026-05-29,2026-06-01 00:00:00.000000,3,19.18,1,0.9499094,High,Expires soon
Turmeric,Spice,4,1,5.23,1.97,18.93,2026-05-16,2027-03-18 00:00:00.000000,293,2.65,0,0.03357499,Low,Within safe parameters
Soda,Beverage,2,2,4.67,1.75,15.59,2026-05-27,2026-06-13 00:00:00.000000,15,2.67,0,0.016022388,Low,Within safe parameters
Coriander Powder,Spice,5,3,26.57,1.9,1.41,2026-05-13,2026-10-30 00:00:00.000000,154,13.98,0,0.013851417,Low,Within safe parameters
Cheese,Dairy,0,3,22.52,8.74,27.9,2026-05-27,2026-06-02 00:00:00.000000,4,2.58,1,0.989783,High,High wastage history
Oats,Grain,0,3,45.49,8.82,9.09,2026-05-20,2026-11-11 00:00:00.000000,166,5.16,0,0.002198645,Low,Within safe parameters
Butter,Dairy,3,3,1.02,0.26,30.33,2026-05-28,2026-06-01 00:00:00.000000,3,3.92,1,0.991306,High,Expires soon
Cheese,Dairy,5,2,15.33,4.72,31.92,2026-05-28,2026-06-03 00:00:00.000000,5,3.25,1,0.9965578,High,High wastage history
Orange Juice,Beverage,4,0,20.04,1.39,29.48,2026-05-23,2026-06-18 00:00:00.000000,20,14.42,0,0.06157136,Low,High wastage history
Mutton,Meat,2,0,26.07,8.36,24.53,2026-05-29,2026-06-02 00:00:00.000000,4,3.12,0,0.06537747,Low,Within safe parameters
Butter,Dairy,1,0,9.53,1.17,25.48,2026-05-29,2026-06-01 00:00:00.000000,3,8.15,1,0.99780864,High,Expires soon
Cream,Dairy,4,3,8.03,3.12,0.89,2026-05-29,2026-06-02 00:00:00.000000,4,2.57,0,0.05256166,Low,Within safe parameters
Butter,Dairy,5,1,0.91,0.12,0.59,2026-05-27,2026-06-03 00:00:00.000000,5,7.58,1,0.9088105,High,Overstocked
Fish,Meat,3,3,16.85,5.7,38.07,2026-05-29,2026-06-02 00:00:00.000000,4,2.96,1,0.994361,High,High wastage history
Soda,Beverage,0,2,10.01,3.39,32.69,2026-05-27,2026-06-20 00:00:00.000000,22,2.95,0,0.0035075943,Low,High wastage history
Onion,Vegetable,1,3,49.73,4.04,29.41,2026-05-27,2026-06-03 00:00:00.000000,5,12.31,1,0.98561794,High,High wastage history
Cumin,Spice,1,3,8.35,2.46,29.79,2026-04-18,2027-02-02 00:00:00.000000,249,3.39,0,0.0006231234,Low,High wastage history
Capsicum,Vegetable,5,3,18.34,0.48,26.67,2026-05-29,2026-06-04 00:00:00.000000,6,38.21,1,0.9902958,High,High wastage history
Watermelon,Fruit,3,3,39.82,9.35,15.83,2026-05-28,2026-06-01 00:00:00.000000,3,4.26,1,0.9530012,High,Expires soon
Zucchini,Vegetable,5,3,38.65,3.92,20.0,2026-05-28,2026-06-02 00:00:00.000000,4,9.86,1,0.91448826,High,Overstocked
Cream,Dairy,2,2,8.12,1.79,4.3,2026-05-27,2026-06-02 00:00:00.000000,4,4.54,0,0.023210132,Low,Overstocked
Milk,Dairy,1,0,1.56,0.3,28.98,2026-05-29,2026-06-05 00:00:00.000000,7,5.2,1,0.9788846,High,High wastage history
Broccoli,Vegetable,0,3,35.0,4.02,7.47,2026-05-27,2026-06-04 00:00:00.000000,6,8.71,1,0.8663431,High,Overstocked
Red Chilli,Spice,0,0,26.79,4.87,32.78,2026-05-21,2026-11-17 00:00:00.000000,172,5.5,0,0.011039404,Low,High wastage history
Chicken,Meat,5,3,31.18,4.6,24.81,2026-05-29,2026-05-31 00:00:00.000000,2,6.78,1,0.9508683,High,Expires soon
Cabbage,Vegetable,4,3,25.13,5.59,24.52,2026-05-27,2026-06-08 00:00:00.000000,10,4.5,0,0.0090007745,Low,Within safe parameters
Coriander Powder,Spice,2,2,3.8,1.29,5.19,2026-03-06,2027-05-21 00:00:00.000000,357,2.95,0,0.05304721,Low,Within safe parameters
Lemon,Fruit,4,3,28.77,9.64,26.32,2026-05-29,2026-06-02 00:00:00.000000,4,2.98,1,0.9709971,High,High wastage history
Garam Masala,Spice,2,0,30.49,0.96,37.21,2026-05-01,2027-03-02 00:00:00.000000,277,31.76,0,0.012369935,Low,High wastage history
Chicken,Meat,5,3,28.12,10.56,16.64,2026-05-28,2026-05-30 00:00:00.000000,1,2.66,1,0.89392495,High,Expires soon
Turmeric,Spice,0,0,41.81,1.4,8.64,2026-05-20,2026-09-16 00:00:00.000000,110,29.86,0,0.0096956575,Low,Within safe parameters
Onion,Vegetable,4,3,33.02,7.57,37.9,2026-05-27,2026-06-03 00:00:00.000000,5,4.36,1,0.9816001,High,High wastage history
Oats,Grain,5,2,33.89,9.55,17.08,2026-05-18,2026-11-22 00:00:00.000000,177,3.55,0,0.00589802,Low,Within safe parameters
Mango Pulp,Beverage,0,3,26.93,6.5,37.34,2026-05-27,2026-06-15 00:00:00.000000,17,4.14,0,0.008839995,Low,High wastage history
Semolina,Grain,1,0,36.43,8.9,22.53,2026-05-03,2026-10-16 00:00:00.000000,140,4.09,0,0.016814884,Low,Within safe parameters
Coconut Water,Beverage,1,0,0.51,0.1,11.38,2026-05-23,2026-06-19 00:00:00.000000,21,5.1,1,0.0372404,Low,Within safe parameters
Apple,Fruit,3,2,42.86,0.47,32.88,2026-05-28,2026-06-04 00:00:00.000000,6,91.19,1,0.98825574,High,High wastage history
Milk,Dairy,2,1,18.1,1.09,14.68,2026-05-28,2026-05-31 00:00:00.000000,2,16.61,1,0.99841,High,Expires soon
Apple,Fruit,2,0,28.67,2.57,3.09,2026-05-26,2026-06-10 00:00:00.000000,12,11.16,0,0.0037539173,Low,Within safe parameters
Mutton,Meat,5,3,29.96,3.67,29.23,2026-05-29,2026-06-03 00:00:00.000000,5,8.16,1,0.95799387,High,High wastage history
Tomato,Vegetable,3,0,46.55,2.33,30.82,2026-05-28,2026-06-06 00:00:00.000000,8,19.98,1,0.42106092,Medium,High wastage history
Orange Juice,Beverage,2,3,16.31,3.73,13.07,2026-05-29,2026-06-14 00:00:00.000000,16,4.37,0,0.0008605455,Low,Within safe parameters
Lemon,Fruit,1,3,11.49,1.4,15.77,2026-05-29,2026-06-10 00:00:00.000000,12,8.21,0,0.0029699027,Low,Within safe parameters
Broccoli,Vegetable,0,2,4.71,1.0,30.95,2026-05-28,2026-06-06 00:00:00.000000,8,4.71,0,0.023052724,Low,High wastage history
Banana,Fruit,1,1,28.28,11.28,20.97,2026-05-28,2026-06-07 00:00:00.000000,9,2.51,0,0.04636622,Low,Within safe parameters
Cheese,Dairy,5,0,6.07,1.06,14.61,2026-05-29,2026-06-04 00:00:00.000000,6,5.73,0,0.030862678,Low,Within safe parameters
Milk,Dairy,3,2,31.0,12.28,17.69,2026-05-28,2026-06-01 00:00:00.000000,3,2.52,1,0.98738146,High,Expires soon
Onion,Vegetable,5,1,38.01,12.98,4.49,2026-05-29,2026-06-05 00:00:00.000000,7,2.93,0,0.039317597,Low,Within safe parameters
Wheat Flour,Grain,2,0,40.31,4.99,18.85,2026-05-07,2026-09-23 00:00:00.000000,117,8.08,0,0.011857294,Low,Within safe parameters
Garam Masala,Spice,4,1,27.67,6.93,39.69,2026-04-26,2027-05-21 00:00:00.000000,357,3.99,0,0.012585826,Low,High wastage history
Turmeric,Spice,0,3,13.15,0.41,8.03,2026-05-24,2027-05-23 00:00:00.000000,359,32.07,0,0.01217231,Low,Within safe parameters
Paneer,Dairy,5,3,19.74,2.22,34.08,2026-05-29,2026-05-31 00:00:00.000000,2,8.89,1,0.98969764,High,Expires soon
Orange Juice,Beverage,3,2,11.94,1.88,39.06,2026-05-23,2026-06-25 00:00:00.000000,27,6.35,0,0.016661437,Low,High wastage history
Cheese,Dairy,4,2,48.36,10.89,28.5,2026-05-27,2026-06-01 00:00:00.000000,3,4.44,0,0.9483335,High,Expires soon
Semolina,Grain,1,0,8.27,1.21,14.08,2026-05-06,2026-10-06 00:00:00.000000,130,6.83,0,0.0016577083,Low,Within safe parameters
Papaya,Fruit,2,0,43.99,15.68,32.59,2026-05-27,2026-06-11 00:00:00.000000,13,2.81,1,0.0100194905,Low,High wastage history
Semolina,Grain,4,1,19.95,1.18,29.2,2026-05-01,2026-09-23 00:00:00.000000,117,16.91,0,0.016227951,Low,High wastage history
Garam Masala,Spice,1,1,8.06,3.13,36.39,2026-03-17,2026-12-28 00:00:00.000000,213,2.58,0,0.01346683,Low,High wastage history
Wheat Flour,Grain,5,1,27.3,8.76,34.5,2026-05-11,2026-08-02 00:00:00.000000,65,3.12,0,0.01348132,Low,High wastage history
Garam Masala,Spice,1,1,46.68,17.13,12.7,2026-03-07,2026-11-09 00:00:00.000000,164,2.73,0,0.0075438702,Low,Within safe parameters
Turmeric,Spice,3,1,38.39,13.53,16.56,2026-05-26,2026-11-09 00:00:00.000000,164,2.84,0,0.006020807,Low,Within safe parameters
Fish,Meat,4,1,9.64,2.96,24.48,2026-05-29,2026-05-30 00:00:00.000000,1,3.26,1,0.9788255,High,Expires soon
Chickpeas,Grain,0,1,34.53,5.03,27.53,2026-05-22,2026-08-26 00:00:00.000000,89,6.86,0,0.006438746,Low,High wastage history
Chickpeas,Grain,5,3,42.68,8.44,5.5,2026-05-24,2026-10-01 00:00:00.000000,125,5.06,0,0.036175765,Low,Within safe parameters
Mushroom,Vegetable,3,2,37.25,14.73,30.31,2026-05-29,2026-06-06 00:00:00.000000,8,2.53,0,0.03322846,Low,High wastage history
Eggs,Meat,5,3,44.44,7.66,31.05,2026-05-28,2026-06-01 00:00:00.000000,3,5.8,1,0.95450443,High,Expires soon
Soda,Beverage,1,0,26.27,4.8,33.08,2026-05-29,2026-06-24 00:00:00.000000,26,5.47,1,0.6224979,High,High wastage history
Papaya,Fruit,5,3,26.05,6.61,1.97,2026-05-26,2026-06-01 00:00:00.000000,3,3.94,1,0.9654669,High,Expires soon
Fish,Meat,1,0,15.07,5.55,27.6,2026-05-28,2026-05-31 00:00:00.000000,2,2.72,1,0.99760807,High,Expires soon
Prawns,Meat,5,2,9.4,2.24,35.77,2026-05-29,2026-06-01 11:14:06.875134,3,4.2,1,0.9939658,High,Expires soon
Prawns,Meat,1,0,22.96,8.24,35.83,2026-05-29,2026-05-30 00:00:00.000000,1,2.79,1,0.99796885,High,Expires soon
Capsicum,Vegetable,5,0,36.8,1.43,28.25,2026-05-27,2026-06-02 00:00:00.000000,4,25.73,1,0.9819239,High,High wastage history
Cabbage,Vegetable,5,3,47.51,7.26,15.22,2026-05-27,2026-06-08 00:00:00.000000,10,6.54,0,0.0037265155,Low,Within safe parameters
Milk,Dairy,4,1,38.57,0.89,12.32,2026-05-29,2026-06-01 00:00:00.000000,3,43.34,1,0.99607855,High,Expires soon
Fish,Meat,2,1,0.67,0.23,0.49,2026-05-29,2026-05-31 00:00:00.000000,2,2.91,1,0.9893183,High,Expires soon
Eggs,Meat,0,2,11.24,3.0,18.15,2026-05-29,2026-06-02 00:00:00.000000,4,3.75,0,0.015833253,Low,Within safe parameters
Chickpeas,Grain,4,2,31.18,7.0,33.01,2026-05-21,2026-11-15 00:00:00.000000,170,4.45,1,0.036971536,Low,High wastage history
Lemon,Fruit,2,0,33.52,11.25,11.94,2026-05-29,2026-06-03 00:00:00.000000,5,2.98,0,0.0131893335,Low,Within safe parameters
Spinach,Vegetable,4,3,14.58,3.89,27.99,2026-05-27,2026-06-02 00:00:00.000000,4,3.75,1,0.99116737,High,High wastage history
Wheat Flour,Grain,5,3,46.61,1.83,11.97,2026-05-18,2026-11-23 00:00:00.000000,178,25.47,0,0.00625644,Low,Within safe parameters
Chicken,Meat,0,3,23.81,1.25,34.38,2026-05-28,2026-05-30 00:00:00.000000,1,19.05,1,0.9839394,High,Expires soon
Eggs,Meat,5,1,5.91,1.75,25.16,2026-05-29,2026-05-31 00:00:00.000000,2,3.38,1,0.99419045,High,Expires soon
Eggs,Meat,1,0,13.35,3.11,24.93,2026-05-28,2026-06-03 00:00:00.000000,5,4.29,0,0.19110343,Low,Within safe parameters
Chickpeas,Grain,0,3,40.5,14.33,9.31,2026-05-14,2026-11-02 00:00:00.000000,157,2.83,0,0.01384413,Low,Within safe parameters
Lemon,Fruit,2,2,37.0,3.15,24.61,2026-05-29,2026-06-08 00:00:00.000000,10,11.75,0,0.007674066,Low,Overstocked
Carrot,Vegetable,0,0,32.21,8.92,10.18,2026-05-29,2026-06-03 00:00:00.000000,5,3.61,0,0.04298632,Low,Within safe parameters
Milk,Dairy,2,0,17.0,2.75,22.76,2026-05-27,2026-05-31 00:00:00.000000,2,6.18,1,0.98304474,High,Expires soon
Mango Pulp,Beverage,3,1,45.85,14.64,25.83,2026-05-22,2026-06-15 00:00:00.000000,17,3.13,0,0.003576907,Low,High wastage history
Red Chilli,Spice,1,0,41.84,5.08,29.0,2026-05-22,2027-03-26 00:00:00.000000,301,8.24,0,0.03234052,Low,High wastage history
Rice,Grain,0,1,45.85,14.62,2.65,2026-05-04,2026-09-20 00:00:00.000000,114,3.14,0,0.007494465,Low,Within safe parameters
Orange Juice,Beverage,1,0,28.76,4.54,23.81,2026-05-27,2026-06-25 00:00:00.000000,27,6.33,0,0.011689136,Low,Within safe parameters
Coconut Water,Beverage,5,0,20.99,4.22,9.51,2026-05-25,2026-06-06 00:00:00.000000,8,4.97,0,0.03245634,Low,Within safe parameters
Curd,Dairy,4,0,39.35,12.26,36.53,2026-05-28,2026-05-31 00:00:00.000000,2,3.21,1,0.9889966,High,Expires soon
Broccoli,Vegetable,4,1,36.76,7.75,31.02,2026-05-28,2026-06-05 00:00:00.000000,7,4.74,1,0.9758881,High,High wastage history
Orange Juice,Beverage,4,1,23.24,6.66,20.89,2026-05-29,2026-06-28 00:00:00.000000,30,3.49,1,0.028297614,Low,Within safe parameters
Zucchini,Vegetable,3,2,5.6,1.74,29.82,2026-05-29,2026-06-07 00:00:00.000000,9,3.22,1,0.01180399,Low,High wastage history
Coconut Water,Beverage,3,1,14.69,3.17,30.91,2026-05-26,2026-06-11 00:00:00.000000,13,4.63,0,0.014293956,Low,High wastage history
Curd,Dairy,3,1,47.94,10.78,4.1,2026-05-29,2026-06-02 11:14:06.875134,4,4.45,1,0.6168447,High,Overstocked
Semolina,Grain,4,0,12.62,0.45,24.53,2026-05-11,2026-09-08 00:00:00.000000,102,28.04,0,0.004239612,Low,Within safe parameters
Chicken,Meat,2,1,5.74,0.22,17.06,2026-05-29,2026-06-02 00:00:00.000000,4,26.09,1,0.9929261,High,Overstocked
Chickpeas,Grain,0,3,16.95,1.42,30.34,2026-05-20,2026-09-27 00:00:00.000000,121,11.94,0,0.0057944586,Low,High wastage history
Broccoli,Vegetable,2,1,23.05,6.34,28.41,2026-05-29,2026-06-07 00:00:00.000000,9,3.64,0,0.015432115,Low,High wastage history
Mango,Fruit,0,1,19.91,5.6,26.61,2026-05-27,2026-06-05 00:00:00.000000,7,3.56,1,0.9793377,High,High wastage history
Cheese,Dairy,2,3,6.09,1.22,33.83,2026-05-28,2026-05-31 00:00:00.000000,2,4.99,1,0.9941478,High,Expires soon
Milk,Dairy,0,1,40.97,13.08,13.03,2026-05-28,2026-05-31 00:00:00.000000,2,3.13,1,0.9809698,High,Expires soon
Coconut Water,Beverage,1,3,12.31,1.28,6.36,2026-05-23,2026-06-23 00:00:00.000000,25,9.62,0,0.0016346874,Low,Within safe parameters
Carrot,Vegetable,5,1,28.58,3.98,27.77,2026-05-28,2026-06-06 00:00:00.000000,8,7.18,0,0.05176194,Low,High wastage history
Turmeric,Spice,2,3,27.98,9.22,7.05,2026-04-18,2027-04-21 00:00:00.000000,327,3.03,0,0.00819686,Low,Within safe parameters
Zucchini,Vegetable,5,2,24.97,6.63,3.62,2026-05-28,2026-06-04 11:14:06.875134,6,3.77,0,0.041642882,Low,Within safe parameters
Lentils,Grain,4,2,26.8,4.24,23.12,2026-05-15,2026-08-05 00:00:00.000000,68,6.32,0,0.007671448,Low,Within safe parameters
Coriander Powder,Spice,0,0,36.03,13.2,39.61,2026-04-04,2027-01-29 00:00:00.000000,245,2.73,0,0.012503422,Low,High wastage history
Chickpeas,Grain,4,3,18.78,4.17,2.13,2026-05-28,2026-09-11 00:00:00.000000,105,4.5,0,0.0059972596,Low,Within safe parameters
Coconut Water,Beverage,3,2,21.87,5.2,25.01,2026-05-26,2026-06-05 00:00:00.000000,7,4.21,1,0.8720201,High,High wastage history
Prawns,Meat,0,3,24.01,1.89,15.38,2026-05-29,2026-05-31 00:00:00.000000,2,12.7,1,0.9842552,High,Expires soon
Soda,Beverage,3,1,7.15,0.3,0.63,2026-05-27,2026-06-26 00:00:00.000000,28,23.83,0,0.014220574,Low,Within safe parameters
Prawns,Meat,2,1,43.08,15.41,27.82,2026-05-28,2026-05-31 00:00:00.000000,2,2.8,1,0.99117696,High,Expires soon
Wheat Flour,Grain,0,3,41.09,6.38,9.03,2026-05-12,2026-10-14 00:00:00.000000,138,6.44,0,0.0033159223,Low,Within safe parameters
Zucchini,Vegetable,5,3,25.34,4.22,21.85,2026-05-27,2026-06-03 00:00:00.000000,5,6.0,0,0.027818639,Low,Overstocked
Zucchini,Vegetable,5,3,29.22,11.24,3.2,2026-05-29,2026-06-05 00:00:00.000000,7,2.6,0,0.015053583,Low,Within safe parameters
Semolina,Grain,0,3,44.55,1.67,18.9,2026-05-13,2026-07-18 00:00:00.000000,50,26.68,0,0.0049667866,Low,Within safe parameters
Turmeric,Spice,0,0,26.98,0.22,18.16,2026-04-16,2026-09-23 00:00:00.000000,117,122.64,0,0.0038948616,Low,Overstocked
Lentils,Grain,1,0,48.9,5.83,6.7,2026-04-29,2026-09-26 00:00:00.000000,120,8.39,0,0.0050821295,Low,Within safe parameters
Lentils,Grain,5,0,3.54,0.72,6.76,2026-05-21,2026-11-19 00:00:00.000000,174,4.92,0,0.020446429,Low,Within safe parameters
Cream,Dairy,3,2,6.78,0.3,31.35,2026-05-29,2026-06-03 00:00:00.000000,5,22.6,1,0.9969645,High,High wastage history
Semolina,Grain,3,0,6.02,0.5,23.67,2026-05-06,2026-07-01 00:00:00.000000,33,12.04,0,0.012263094,Low,Within safe parameters
Fish,Meat,3,1,9.45,2.04,1.32,2026-05-28,2026-05-31 00:00:00.000000,2,4.63,1,0.989629,High,Expires soon
Papaya,Fruit,1,1,12.28,2.22,25.5,2026-05-26,2026-06-07 00:00:00.000000,9,5.53,0,0.002264276,Low,High wastage history
Coriander Powder,Spice,5,2,3.1,0.63,19.05,2026-05-15,2027-01-09 00:00:00.000000,225,4.92,0,0.08488222,Low,Within safe parameters
Mango Pulp,Beverage,5,3,23.99,1.48,34.81,2026-05-23,2026-06-27 00:00:00.000000,29,16.21,1,0.6562987,High,High wastage history
Soda,Beverage,5,3,5.32,1.18,14.15,2026-05-29,2026-06-15 00:00:00.000000,17,4.51,0,0.009649406,Low,Within safe parameters
Lentils,Grain,3,0,40.21,4.18,23.37,2026-05-21,2026-09-05 00:00:00.000000,99,9.62,0,0.024308806,Low,Within safe parameters
Cumin,Spice,0,1,34.67,2.58,21.9,2026-03-04,2027-02-15 00:00:00.000000,262,13.44,0,0.001580998,Low,Within safe parameters
Orange Juice,Beverage,1,2,34.43,4.91,29.01,2026-05-28,2026-06-08 00:00:00.000000,10,7.01,0,0.030235805,Low,High wastage history
Tomato,Vegetable,2,2,32.09,9.12,4.8,2026-05-27,2026-06-03 00:00:00.000000,5,3.52,0,0.019155378,Low,Within safe parameters
Banana,Fruit,2,1,13.04,2.49,37.45,2026-05-28,2026-06-12 00:00:00.000000,14,5.24,0,0.007321888,Low,High wastage history
Cheese,Dairy,3,0,14.23,0.45,15.54,2026-05-29,2026-06-01 00:00:00.000000,3,31.62,1,0.9987079,High,Expires soon
Butter,Dairy,1,1,48.98,4.01,15.71,2026-05-28,2026-05-31 00:00:00.000000,2,12.21,1,0.9869017,High,Expires soon
Potato,Vegetable,4,3,35.91,1.57,2.92,2026-05-28,2026-06-01 00:00:00.000000,3,22.87,1,0.83929724,High,Expires soon
Cheese,Dairy,1,2,32.2,12.02,26.58,2026-05-27,2026-06-01 00:00:00.000000,3,2.68,1,0.99564654,High,Expires soon
Coriander Powder,Spice,0,3,35.53,10.98,19.13,2026-03-25,2026-08-28 00:00:00.000000,91,3.24,0,0.002258467,Low,Within safe parameters
Turmeric,Spice,2,1,40.99,7.96,22.69,2026-03-02,2027-03-11 00:00:00.000000,286,5.15,0,0.018409703,Low,Within safe parameters
Butter,Dairy,1,0,49.85,12.94,14.61,2026-05-27,2026-05-31 00:00:00.000000,2,3.85,1,0.9712337,High,Expires soon
Paneer,Dairy,3,3,9.24,0.24,15.37,2026-05-29,2026-06-05 00:00:00.000000,7,38.5,1,0.9829285,High,Overstocked
Red Chilli,Spice,5,2,4.7,1.23,29.41,2026-03-28,2027-02-26 00:00:00.000000,273,3.82,0,0.020143969,Low,High wastage history
Lemon,Fruit,1,1,39.74,10.26,19.99,2026-05-29,2026-06-07 00:00:00.000000,9,3.87,0,0.006315552,Low,Within safe parameters
Soda,Beverage,2,2,17.22,4.99,16.22,2026-05-29,2026-06-15 00:00:00.000000,17,3.45,0,0.008487679,Low,Within safe parameters
Garam Masala,Spice,5,3,37.18,3.54,2.88,2026-05-10,2027-05-28 00:00:00.000000,364,10.5,0,0.016009245,Low,Within safe parameters
Chicken,Meat,0,3,35.21,1.93,6.89,2026-05-29,2026-05-30 00:00:00.000000,1,18.24,0,0.5112574,Medium,Expires soon
Paneer,Dairy,0,3,3.67,1.22,4.57,2026-05-27,2026-06-01 00:00:00.000000,3,3.01,1,0.97985655,High,Expires soon
Wheat Flour,Grain,4,2,40.67,15.98,27.14,2026-05-19,2026-10-15 00:00:00.000000,139,2.55,0,0.013121987,Low,High wastage history
Garam Masala,Spice,3,1,29.86,4.07,4.83,2026-05-24,2026-12-14 00:00:00.000000,199,7.34,0,0.0025333045,Low,Within safe parameters
Mutton,Meat,0,0,12.56,2.97,5.33,2026-05-28,2026-05-31 00:00:00.000000,2,4.23,1,0.98532593,High,Expires soon
Garam Masala,Spice,4,3,4.5,0.11,37.05,2026-03-28,2026-09-04 00:00:00.000000,98,40.91,0,0.052684907,Low,High wastage history
Semolina,Grain,5,3,6.78,0.47,10.84,2026-05-07,2026-10-27 00:00:00.000000,151,14.43,0,0.05884319,Low,Within safe parameters
Mango,Fruit,0,2,30.8,1.18,33.06,2026-05-26,2026-06-03 00:00:00.000000,5,26.1,1,0.987959,High,High wastage history
Chicken,Meat,4,1,31.14,10.76,39.47,2026-05-29,2026-05-30 00:00:00.000000,1,2.89,1,0.9970144,High,Expires soon
Mutton,Meat,2,0,39.93,10.98,38.74,2026-05-29,2026-05-31 00:00:00.000000,2,3.64,1,0.9875114,High,Expires soon
Mango,Fruit,2,2,14.61,2.6,13.37,2026-05-27,2026-06-11 00:00:00.000000,13,5.62,0,0.003975699,Low,Within safe parameters
Soda,Beverage,2,2,46.28,3.34,31.42,2026-05-29,2026-06-28 00:00:00.000000,30,13.86,0,0.015820738,Low,High wastage history
Spinach,Vegetable,5,1,29.2,4.95,29.88,2026-05-27,2026-06-07 00:00:00.000000,9,5.9,0,0.0063844994,Low,High wastage history
Orange,Fruit,3,2,12.24,2.08,8.0,2026-05-29,2026-06-04 00:00:00.000000,6,5.88,0,0.028609607,Low,Within safe parameters
Broccoli,Vegetable,2,3,11.2,2.77,7.12,2026-05-29,2026-06-06 00:00:00.000000,8,4.04,0,0.0019587937,Low,Within safe parameters
Mutton,Meat,3,0,6.8,1.91,2.39,2026-05-28,2026-05-31 00:00:00.000000,2,3.56,1,0.99164,High,Expires soon
Soda,Beverage,1,3,11.38,1.41,6.27,2026-05-24,2026-06-10 00:00:00.000000,12,8.07,0,0.0020675696,Low,Within safe parameters
Wheat Flour,Grain,2,1,26.33,9.09,8.66,2026-05-02,2026-10-11 00:00:00.000000,135,2.9,0,0.045817968,Low,Within safe parameters
Fish,Meat,5,2,12.77,2.27,8.9,2026-05-29,2026-06-02 00:00:00.000000,4,5.63,0,0.04967198,Low,Overstocked
Papaya,Fruit,1,2,49.57,14.57,20.17,2026-05-29,2026-06-01 00:00:00.000000,3,3.4,1,0.9477912,High,Expires soon
Prawns,Meat,1,2,4.61,1.41,27.73,2026-05-29,2026-06-02 00:00:00.000000,4,3.27,1,0.9728246,High,High wastage history
Mango,Fruit,3,0,1.29,0.38,6.47,2026-05-29,2026-06-04 00:00:00.000000,6,3.39,0,0.028651165,Low,Within safe parameters
Lentils,Grain,1,2,7.36,2.1,7.4,2026-05-05,2026-10-24 00:00:00.000000,148,3.5,0,0.0033280773,Low,Within safe parameters
Red Chilli,Spice,5,2,44.73,6.02,1.31,2026-04-10,2026-10-02 00:00:00.000000,126,7.43,0,0.004826033,Low,Within safe parameters
Cream,Dairy,5,1,44.1,13.01,2.19,2026-05-27,2026-05-31 00:00:00.000000,2,3.39,1,0.985809,High,Expires soon
Coriander Powder,Spice,2,2,23.53,0.48,14.66,2026-04-13,2027-03-11 00:00:00.000000,286,49.02,0,0.0064207274,Low,Within safe parameters
Turmeric,Spice,4,1,27.21,7.1,29.5,2026-04-29,2027-02-14 00:00:00.000000,261,3.83,0,0.0026237422,Low,High wastage history
Mango Pulp,Beverage,3,1,25.43,4.36,2.18,2026-05-25,2026-06-16 00:00:00.000000,18,5.83,0,0.007334806,Low,Within safe parameters
Prawns,Meat,1,2,22.87,3.43,26.93,2026-05-28,2026-06-01 11:14:06.875134,3,6.67,1,0.9965133,High,Expires soon
Onion,Vegetable,2,3,44.95,5.26,38.27,2026-05-28,2026-06-04 11:14:06.875134,6,8.55,1,0.97801334,High,High wastage history
Paneer,Dairy,1,1,26.27,6.63,11.73,2026-05-29,2026-06-01 00:00:00.000000,3,3.96,1,0.9932648,High,Expires soon
Wheat Flour,Grain,3,3,37.02,0.42,7.56,2026-05-15,2026-10-13 00:00:00.000000,137,88.14,1,0.016045213,Low,Within safe parameters
Mango Pulp,Beverage,1,0,32.96,10.39,19.45,2026-05-24,2026-06-23 00:00:00.000000,25,3.17,0,0.021248348,Low,Within safe parameters
Chickpeas,Grain,1,3,7.03,2.24,6.87,2026-05-11,2026-09-13 00:00:00.000000,107,3.14,0,0.0017453083,Low,Within safe parameters
Fish,Meat,2,0,14.58,5.58,24.75,2026-05-28,2026-05-31 00:00:00.000000,2,2.61,1,0.9935226,High,Expires soon
Semolina,Grain,4,1,12.28,0.3,12.67,2026-05-24,2026-08-06 00:00:00.000000,69,40.93,0,0.008230258,Low,Within safe parameters
Butter,Dairy,4,1,2.22,0.35,13.75,2026-05-27,2026-06-04 00:00:00.000000,6,6.34,0,0.08053115,Low,Overstocked
Wheat Flour,Grain,2,0,46.59,14.35,37.91,2026-05-17,2026-07-04 00:00:00.000000,36,3.25,0,0.006253112,Low,High wastage history
Lemon,Fruit,5,0,23.96,2.85,37.76,2026-05-27,2026-06-12 00:00:00.000000,14,8.41,0,0.070204616,Low,High wastage history
Lentils,Grain,0,1,34.61,10.16,36.01,2026-05-19,2026-10-19 00:00:00.000000,143,3.41,0,0.009344274,Low,High wastage history
Rice,Grain,2,0,42.12,7.57,3.7,2026-05-10,2026-10-08 00:00:00.000000,132,5.56,0,0.026029931,Low,Within safe parameters
Cumin,Spice,3,1,4.64,1.59,27.08,2026-05-27,2026-12-05 00:00:00.000000,190,2.92,0,0.014081994,Low,High wastage history
Oats,Grain,1,1,30.45,11.5,36.34,2026-05-10,2026-09-17 00:00:00.000000,111,2.65,0,0.021525659,Low,High wastage history
Watermelon,Fruit,3,3,1.1,0.22,12.32,2026-05-27,2026-06-07 00:00:00.000000,9,5.0,0,0.08842743,Low,Within safe parameters
Prawns,Meat,0,1,7.61,0.99,39.54,2026-05-29,2026-06-03 00:00:00.000000,5,7.69,1,0.99356997,High,High wastage history
Paneer,Dairy,2,3,32.12,3.58,7.0,2026-05-28,2026-05-31 00:00:00.000000,2,8.97,1,0.96594083,High,Expires soon
Wheat Flour,Grain,4,1,27.92,0.57,33.05,2026-05-20,2026-10-03 00:00:00.000000,127,48.98,0,0.10301304,Low,High wastage history
Cheese,Dairy,4,3,8.12,1.04,25.62,2026-05-29,2026-05-31 00:00:00.000000,2,7.81,1,0.9958919,High,Expires soon
Capsicum,Vegetable,4,3,32.42,0.47,30.59,2026-05-27,2026-06-07 00:00:00.000000,9,68.98,1,0.23915532,Low,High wastage history
Zucchini,Vegetable,0,0,22.09,2.35,27.44,2026-05-27,2026-06-07 00:00:00.000000,9,9.4,0,0.004638322,Low,High wastage history
Orange Juice,Beverage,0,0,42.34,2.84,2.34,2026-05-29,2026-06-28 00:00:00.000000,30,14.91,0,0.011252802,Low,Within safe parameters
Cumin,Spice,4,0,18.38,4.71,38.21,2026-04-25,2026-09-23 00:00:00.000000,117,3.9,1,0.61914825,High,High wastage history
Milk,Dairy,0,2,9.57,0.45,30.11,2026-05-27,2026-06-01 00:00:00.000000,3,21.27,1,0.99848384,High,Expires soon
Coconut Water,Beverage,3,0,5.24,1.26,32.93,2026-05-24,2026-06-26 00:00:00.000000,28,4.16,1,0.72660285,High,High wastage history
Semolina,Grain,1,0,46.08,3.09,8.72,2026-05-19,2026-10-11 00:00:00.000000,135,14.91,0,0.008506632,Low,Within safe parameters
Mango Pulp,Beverage,1,2,6.27,0.42,0.7,2026-05-28,2026-06-19 00:00:00.000000,21,14.93,0,0.015111277,Low,Within safe parameters
Coriander Powder,Spice,1,1,9.02,1.17,29.78,2026-04-16,2027-05-21 00:00:00.000000,357,7.71,0,0.01479196,Low,High wastage history
Orange,Fruit,5,1,6.7,0.44,3.14,2026-05-27,2026-06-04 00:00:00.000000,6,15.23,1,0.9942683,High,Overstocked
Orange Juice,Beverage,2,2,2.6,0.2,31.72,2026-05-23,2026-06-20 00:00:00.000000,22,13.0,0,0.05363089,Low,High wastage history
Broccoli,Vegetable,3,2,15.43,0.16,3.86,2026-05-29,2026-05-31 00:00:00.000000,2,96.44,1,0.9921813,High,Expires soon
Wheat Flour,Grain,4,1,4.99,1.7,37.67,2026-05-29,2026-09-25 00:00:00.000000,119,2.94,0,0.016416585,Low,High wastage history
Butter,Dairy,0,1,12.47,2.89,3.96,2026-05-27,2026-06-05 00:00:00.000000,7,4.31,0,0.0055863345,Low,Within safe parameters
Cabbage,Vegetable,5,1,9.0,2.74,0.17,2026-05-28,2026-06-03 00:00:00.000000,5,3.28,0,0.04695695,Low,Within safe parameters
Papaya,Fruit,3,3,22.26,8.53,7.23,2026-05-28,2026-06-12 00:00:00.000000,14,2.61,0,0.035125997,Low,Within safe parameters
Prawns,Meat,0,1,6.09,2.4,4.94,2026-05-28,2026-05-31 00:00:00.000000,2,2.54,1,0.9883096,High,Expires soon
Banana,Fruit,5,0,4.57,0.95,15.39,2026-05-29,2026-06-05 00:00:00.000000,7,4.81,0,0.02117452,Low,Within safe parameters
Coriander Powder,Spice,4,3,49.26,8.49,34.27,2026-04-22,2027-03-23 00:00:00.000000,298,5.8,0,0.010094884,Low,High wastage history
Soda,Beverage,4,0,33.77,5.41,20.91,2026-05-22,2026-06-05 00:00:00.000000,7,6.24,0,0.022630902,Low,Within safe parameters
Potato,Vegetable,1,3,46.3,18.11,2.59,2026-05-27,2026-06-01 00:00:00.000000,3,2.56,1,0.9194862,High,Expires soon
Curd,Dairy,2,3,36.4,4.13,28.54,2026-05-28,2026-06-01 00:00:00.000000,3,8.81,1,0.9488362,High,Expires soon
Cream,Dairy,3,3,30.36,4.97,19.38,2026-05-27,2026-06-03 00:00:00.000000,5,6.11,0,0.012110719,Low,Overstocked
Soda,Beverage,2,2,25.12,6.35,5.38,2026-05-22,2026-06-13 00:00:00.000000,15,3.96,0,0.010571237,Low,Within safe parameters
Spinach,Vegetable,5,3,19.44,5.31,6.11,2026-05-29,2026-05-31 00:00:00.000000,2,3.66,1,0.980907,High,Expires soon
Spinach,Vegetable,1,3,33.27,6.58,10.47,2026-05-28,2026-06-03 00:00:00.000000,5,5.06,0,0.034277037,Low,Overstocked
Orange Juice,Beverage,1,2,22.78,7.79,17.7,2026-05-23,2026-06-08 00:00:00.000000,10,2.92,1,0.72756547,High,Within safe parameters
Papaya,Fruit,5,0,21.82,2.8,15.56,2026-05-26,2026-06-03 00:00:00.000000,5,7.79,1,0.81179553,High,Overstocked
Lentils,Grain,5,3,27.2,5.16,22.49,2026-05-08,2026-11-16 00:00:00.000000,171,5.27,0,0.0010248676,Low,Within safe parameters
Mushroom,Vegetable,1,0,33.99,10.44,11.38,2026-05-27,2026-06-06 00:00:00.000000,8,3.26,0,0.015017521,Low,Within safe parameters
Mushroom,Vegetable,3,0,3.29,0.4,9.38,2026-05-28,2026-06-06 00:00:00.000000,8,8.22,0,0.033030123,Low,Overstocked
Spinach,Vegetable,2,0,1.48,0.26,18.44,2026-05-29,2026-06-05 00:00:00.000000,7,5.69,0,0.021769268,Low,Within safe parameters
Chickpeas,Grain,3,3,23.75,0.31,12.66,2026-05-07,2026-07-03 00:00:00.000000,35,76.61,0,0.046089187,Low,Overstocked
Milk,Dairy,1,2,33.92,4.62,20.11,2026-05-27,2026-05-31 00:00:00.000000,2,7.34,1,0.9938459,High,Expires soon
Curd,Dairy,3,0,25.1,8.52,31.49,2026-05-29,2026-06-03 00:00:00.000000,5,2.95,1,0.99837226,High,High wastage history
Wheat Flour,Grain,3,0,49.81,8.07,9.04,2026-05-20,2026-07-10 00:00:00.000000,42,6.17,0,0.08243489,Low,Within safe parameters
Zucchini,Vegetable,0,2,3.83,1.25,19.01,2026-05-28,2026-06-05 00:00:00.000000,7,3.06,0,0.013089355,Low,Within safe parameters
Orange Juice,Beverage,0,0,33.34,4.25,16.57,2026-05-23,2026-06-14 00:00:00.000000,16,7.84,0,0.0074424073,Low,Within safe parameters
Oats,Grain,2,1,9.73,1.99,26.43,2026-05-02,2026-11-07 00:00:00.000000,162,4.89,0,0.0010808129,Low,High wastage history
Fish,Meat,0,3,18.53,1.18,6.02,2026-05-29,2026-05-30 00:00:00.000000,1,15.7,1,0.98621535,High,Expires soon
Cheese,Dairy,3,3,10.58,1.8,32.95,2026-05-27,2026-05-31 00:00:00.000000,2,5.88,1,0.9912845,High,Expires soon
Cream,Dairy,1,1,7.92,0.18,31.88,2026-05-29,2026-06-01 00:00:00.000000,3,44.0,1,0.9986726,High,Expires soon
Eggs,Meat,1,3,8.39,0.54,10.34,2026-05-29,2026-05-30 00:00:00.000000,1,15.54,1,0.99222517,High,Expires soon
Garam Masala,Spice,5,1,39.22,0.96,35.86,2026-03-28,2026-09-17 00:00:00.000000,111,40.85,0,0.06083692,Low,High wastage history
Paneer,Dairy,3,3,44.34,7.1,33.59,2026-05-27,2026-06-05 00:00:00.000000,7,6.25,1,0.92534786,High,High wastage history
Lemon,Fruit,0,2,25.07,1.0,23.99,2026-05-27,2026-06-11 00:00:00.000000,13,25.07,0,0.011676303,Low,Overstocked
Butter,Dairy,5,3,46.81,4.16,4.27,2026-05-29,2026-06-05 00:00:00.000000,7,11.25,1,0.9435377,High,Overstocked
Cheese,Dairy,3,3,24.77,3.78,37.95,2026-05-29,2026-06-04 00:00:00.000000,6,6.55,1,0.98981184,High,High wastage history
Prawns,Meat,3,1,24.02,3.6,12.33,2026-05-28,2026-05-31 00:00:00.000000,2,6.67,1,0.9956448,High,Expires soon
Rice,Grain,5,2,27.86,3.52,38.34,2026-05-21,2026-08-28 00:00:00.000000,91,7.91,0,0.023800498,Low,High wastage history
Orange Juice,Beverage,1,1,45.53,7.22,39.12,2026-05-29,2026-06-17 00:00:00.000000,19,6.31,0,0.0315638,Low,High wastage history
Onion,Vegetable,4,0,31.75,11.18,30.67,2026-05-28,2026-06-02 00:00:00.000000,4,2.84,1,0.98967665,High,High wastage history
Capsicum,Vegetable,1,2,20.94,7.06,28.7,2026-05-27,2026-06-07 00:00:00.000000,9,2.97,0,0.023919832,Low,High wastage history
Orange Juice,Beverage,5,1,17.92,4.36,32.54,2026-05-28,2026-06-13 00:00:00.000000,15,4.11,0,0.012798216,Low,High wastage history
Chicken,Meat,5,2,39.66,2.25,16.03,2026-05-28,2026-05-31 00:00:00.000000,2,17.63,1,0.98784685,High,Expires soon
Milk,Dairy,2,2,26.06,10.11,33.22,2026-05-29,2026-06-01 00:00:00.000000,3,2.58,1,0.9981186,High,Expires soon
Soda,Beverage,1,0,13.4,3.72,33.07,2026-05-27,2026-06-20 00:00:00.000000,22,3.6,0,0.012401363,Low,High wastage history
Lemon,Fruit,3,3,43.88,16.59,35.37,2026-05-26,2026-06-03 00:00:00.000000,5,2.64,1,0.9767844,High,High wastage history
Cabbage,Vegetable,2,1,13.46,4.6,1.99,2026-05-29,2026-06-07 00:00:00.000000,9,2.93,0,0.005776406,Low,Within safe parameters
Semolina,Grain,2,1,47.39,2.31,28.74,2026-05-24,2026-09-30 00:00:00.000000,124,20.52,0,0.015336807,Low,High wastage history
Prawns,Meat,4,2,47.33,15.42,10.65,2026-05-29,2026-05-31 00:00:00.000000,2,3.07,1,0.9664437,High,Expires soon
Mutton,Meat,4,3,49.76,5.7,27.09,2026-05-29,2026-06-03 00:00:00.000000,5,8.73,1,0.9735839,High,High wastage history
Mutton,Meat,3,2,31.08,11.29,14.79,2026-05-29,2026-06-01 00:00:00.000000,3,2.75,1,0.9886007,High,Expires soon
Chicken,Meat,1,2,48.73,7.81,8.49,2026-05-28,2026-05-31 00:00:00.000000,2,6.24,1,0.98924035,High,Expires soon
Eggs,Meat,2,0,3.08,1.15,18.84,2026-05-29,2026-05-30 00:00:00.000000,1,2.68,1,0.99166554,High,Expires soon
Lentils,Grain,2,2,31.17,3.84,15.79,2026-05-13,2026-08-31 00:00:00.000000,94,8.12,0,0.0031211774,Low,Within safe parameters
Rice,Grain,3,1,24.9,3.44,18.72,2026-05-13,2026-08-10 00:00:00.000000,73,7.24,0,0.004355983,Low,Within safe parameters
Garam Masala,Spice,4,3,16.01,3.55,19.97,2026-05-15,2027-01-07 00:00:00.000000,223,4.51,0,0.0008202599,Low,Within safe parameters
Cream,Dairy,1,0,30.84,9.42,10.55,2026-05-28,2026-06-02 00:00:00.000000,4,3.27,0,0.037958644,Low,Within safe parameters
Apple,Fruit,4,3,3.13,0.27,9.19,2026-05-26,2026-06-09 00:00:00.000000,11,11.59,1,0.8018845,High,Overstocked
Curd,Dairy,1,3,2.52,0.42,28.36,2026-05-28,2026-05-31 00:00:00.000000,2,6.0,1,0.99369687,High,Expires soon
Chicken,Meat,2,1,10.58,1.27,33.4,2026-05-29,2026-06-01 00:00:00.000000,3,8.33,1,0.99865663,High,Expires soon
Coconut Water,Beverage,0,1,21.11,0.74,30.73,2026-05-27,2026-06-05 00:00:00.000000,7,28.53,1,0.9908647,High,High wastage history
Paneer,Dairy,5,0,20.01,4.77,38.05,2026-05-29,2026-06-05 00:00:00.000000,7,4.19,1,0.99669826,High,High wastage history
Lemon,Fruit,1,2,22.98,8.78,23.77,2026-05-26,2026-06-12 00:00:00.000000,14,2.62,1,0.7908129,High,Within safe parameters
Zucchini,Vegetable,3,3,43.23,13.88,11.32,2026-05-29,2026-06-02 00:00:00.000000,4,3.11,0,0.07115019,Low,Within safe parameters
Turmeric,Spice,2,3,9.31,3.6,34.62,2026-04-27,2027-03-19 00:00:00.000000,294,2.59,0,0.008200563,Low,High wastage history
Mango Pulp,Beverage,1,1,32.53,12.42,6.17,2026-05-25,2026-06-17 00:00:00.000000,19,2.62,0,0.2908161,Low,Within safe parameters
Soda,Beverage,5,0,18.27,0.79,14.7,2026-05-27,2026-06-24 00:00:00.000000,26,23.13,0,0.0076569095,Low,Within safe parameters
Prawns,Meat,3,3,4.97,0.9,14.73,2026-05-28,2026-06-03 00:00:00.000000,5,5.52,0,0.020384863,Low,Overstocked
Red Chilli,Spice,2,2,48.68,13.2,25.9,2026-04-16,2027-05-16 00:00:00.000000,352,3.69,0,0.0027538433,Low,High wastage history
Eggs,Meat,3,2,4.42,1.44,12.02,2026-05-28,2026-06-02 00:00:00.000000,4,3.07,0,0.035157986,Low,Within safe parameters
Coriander Powder,Spice,0,1,28.64,6.36,36.69,2026-04-22,2027-04-02 00:00:00.000000,308,4.5,0,0.009333916,Low,High wastage history
Oats,Grain,2,3,36.16,11.78,14.22,2026-05-08,2026-10-24 00:00:00.000000,148,3.07,0,0.0024583007,Low,Within safe parameters
Orange Juice,Beverage,5,2,9.39,0.77,15.72,2026-05-22,2026-06-26 00:00:00.000000,28,12.19,0,0.020591473,Low,Within safe parameters
Coriander Powder,Spice,0,0,22.77,7.38,13.65,2026-03-05,2027-04-16 00:00:00.000000,322,3.09,0,0.012500696,Low,Within safe parameters
Mango Pulp,Beverage,4,1,43.64,1.95,21.38,2026-05-25,2026-06-07 00:00:00.000000,9,22.38,1,0.07167406,Low,Overstocked
Tomato,Vegetable,5,1,34.74,12.09,38.63,2026-05-28,2026-06-07 00:00:00.000000,9,2.87,0,0.014254967,Low,High wastage history
Fish,Meat,5,0,4.84,0.35,7.63,2026-05-28,2026-06-02 00:00:00.000000,4,13.83,1,0.9939126,High,Overstocked
Cumin,Spice,4,2,7.69,0.82,33.68,2026-03-07,2027-04-30 00:00:00.000000,336,9.38,0,0.15326138,Low,High wastage history
Wheat Flour,Grain,3,2,23.96,0.31,6.64,2026-05-25,2026-10-24 00:00:00.000000,148,77.29,0,0.023625948,Low,Within safe parameters
Red Chilli,Spice,1,3,29.47,2.45,22.78,2026-04-02,2026-09-06 00:00:00.000000,100,12.03,0,0.005547194,Low,Within safe parameters
Carrot,Vegetable,2,2,42.51,12.56,23.83,2026-05-28,2026-06-06 00:00:00.000000,8,3.38,0,0.015400537,Low,Within safe parameters
Paneer,Dairy,1,3,29.76,7.32,27.15,2026-05-27,2026-06-03 00:00:00.000000,5,4.07,1,0.9664818,High,High wastage history
Mutton,Meat,0,2,29.03,6.47,10.71,2026-05-28,2026-05-30 00:00:00.000000,1,4.49,1,0.9819464,High,Expires soon
Chicken,Meat,0,3,35.03,0.39,11.52,2026-05-28,2026-06-01 00:00:00.000000,3,89.82,1,0.8190153,High,Expires soon
Cheese,Dairy,0,1,45.5,6.24,24.08,2026-05-27,2026-06-01 00:00:00.000000,3,7.29,1,0.9636665,High,Expires soon
Red Chilli,Spice,3,1,41.74,11.27,29.38,2026-04-06,2027-03-14 00:00:00.000000,289,3.7,0,0.012357493,Low,High wastage history
Mango Pulp,Beverage,3,1,33.52,1.82,7.98,2026-05-28,2026-06-27 00:00:00.000000,29,18.42,0,0.011448569,Low,Within safe parameters
Mushroom,Vegetable,3,3,28.06,11.22,14.35,2026-05-29,2026-06-03 00:00:00.000000,5,2.5,0,0.028270075,Low,Within safe parameters
Cumin,Spice,0,1,17.22,0.87,9.07,2026-05-21,2026-09-12 00:00:00.000000,106,19.79,0,0.0015491556,Low,Within safe parameters
Fish,Meat,3,0,44.87,15.33,34.95,2026-05-28,2026-05-30 00:00:00.000000,1,2.93,1,0.99505,High,Expires soon
Tomato,Vegetable,1,3,39.19,9.6,34.34,2026-05-29,2026-06-01 00:00:00.000000,3,4.08,1,0.9119538,High,Expires soon
Rice,Grain,4,2,10.67,1.61,29.13,2026-05-02,2026-07-28 00:00:00.000000,60,6.63,0,0.007957736,Low,High wastage history
Soda,Beverage,4,2,17.06,1.03,33.94,2026-05-24,2026-06-25 00:00:00.000000,27,16.56,0,0.11543749,Low,High wastage history
Chicken,Meat,1,1,25.5,0.96,14.9,2026-05-28,2026-06-01 00:00:00.000000,3,26.56,1,0.99772185,High,Expires soon
Cream,Dairy,4,1,39.47,2.26,17.15,2026-05-28,2026-06-04 00:00:00.000000,6,17.46,1,0.96770656,High,Overstocked
Eggs,Meat,2,0,38.62,11.11,20.69,2026-05-29,2026-06-02 00:00:00.000000,4,3.48,0,0.045935854,Low,Within safe parameters
Butter,Dairy,4,3,19.97,0.39,36.9,2026-05-29,2026-06-03 00:00:00.000000,5,51.21,1,0.99508935,High,High wastage history
Rice,Grain,1,0,34.2,7.62,12.17,2026-05-01,2026-10-08 00:00:00.000000,132,4.49,0,0.011133289,Low,Within safe parameters
Paneer,Dairy,0,0,35.16,6.33,8.21,2026-05-29,2026-06-04 00:00:00.000000,6,5.55,0,0.019536814,Low,Within safe parameters
Soda,Beverage,5,0,44.11,1.58,21.5,2026-05-26,2026-06-17 00:00:00.000000,19,27.92,0,0.028672203,Low,Overstocked
Cumin,Spice,4,0,27.81,5.85,30.28,2026-03-25,2026-10-13 00:00:00.000000,137,4.75,0,0.036214806,Low,High wastage history
Cabbage,Vegetable,4,0,21.43,4.38,29.28,2026-05-27,2026-06-04 00:00:00.000000,6,4.89,1,0.99892277,High,High wastage history
Cream,Dairy,2,0,47.1,8.51,22.9,2026-05-27,2026-05-31 00:00:00.000000,2,5.53,0,0.35318854,Medium,Expires soon
Curd,Dairy,3,1,33.51,10.94,22.91,2026-05-28,2026-06-02 00:00:00.000000,4,3.06,0,0.030908031,Low,Within safe parameters
Eggs,Meat,2,1,41.23,6.02,3.92,2026-05-29,2026-06-01 00:00:00.000000,3,6.85,1,0.9894461,High,Expires soon
Soda,Beverage,2,2,44.48,8.53,17.85,2026-05-23,2026-06-06 00:00:00.000000,8,5.21,0,0.022760859,Low,Within safe parameters
Oats,Grain,3,3,32.0,12.76,27.56,2026-05-14,2026-11-24 00:00:00.000000,179,2.51,0,0.0027335421,Low,High wastage history
Red Chilli,Spice,4,1,24.5,4.54,38.72,2026-05-13,2027-05-12 00:00:00.000000,348,5.4,0,0.06795991,Low,High wastage history
Rice,Grain,1,1,37.45,14.15,14.77,2026-05-28,2026-10-27 00:00:00.000000,151,2.65,0,0.010765548,Low,Within safe parameters
Oats,Grain,2,2,14.83,3.15,4.71,2026-05-11,2026-09-30 00:00:00.000000,124,4.71,0,0.0017568367,Low,Within safe parameters
Butter,Dairy,1,0,7.54,3.695,1.95,2026-05-29,2026-05-31 00:00:00.000000,2,2.04,1,0.9782405,High,Expires soon
Curd,Dairy,5,1,6.56,0.98,34.82,2026-05-29,2026-06-03 00:00:00.000000,5,6.69,1,0.99819994,High,High wastage history
Semolina,Grain,3,3,41.81,13.96,5.31,2026-05-14,2026-10-02 00:00:00.000000,126,2.99,0,0.011996477,Low,Within safe parameters
Red Chilli,Spice,5,3,43.38,5.71,31.99,2026-05-10,2027-04-13 00:00:00.000000,319,7.6,0,0.009408492,Low,High wastage history
Prawns,Meat,1,1,47.92,17.07,29.44,2026-05-29,2026-06-01 00:00:00.000000,3,2.81,1,0.9767994,High,Expires soon
Mango Pulp,Beverage,0,2,28.27,1.49,22.37,2026-05-25,2026-06-25 00:00:00.000000,27,18.97,0,0.0070496583,Low,Within safe parameters
Chickpeas,Grain,0,2,37.65,7.62,0.75,2026-05-23,2026-11-08 00:00:00.000000,163,4.94,0,0.0052493014,Low,Within safe parameters
Wheat Flour,Grain,3,2,41.57,13.97,23.18,2026-05-22,2026-08-19 00:00:00.000000,82,2.98,0,0.0099068815,Low,Within safe parameters
Chickpeas,Grain,1,0,24.83,9.28,13.6,2026-05-28,2026-11-25 00:00:00.000000,180,2.68,0,0.030190682,Low,Within safe parameters
Cabbage,Vegetable,1,0,6.17,0.34,6.73,2026-05-29,2026-06-04 00:00:00.000000,6,18.15,1,0.97108376,High,Overstocked
Paneer,Dairy,3,1,8.87,2.22,13.01,2026-05-27,2026-06-03 00:00:00.000000,5,4.0,1,0.028420018,Low,Within safe parameters
Capsicum,Vegetable,2,3,20.93,2.78,15.02,2026-05-29,2026-06-05 00:00:00.000000,7,7.53,0,0.020206375,Low,Overstocked
Tomato,Vegetable,4,1,25.68,5.23,37.97,2026-05-28,2026-06-03 00:00:00.000000,5,4.91,1,0.9974355,High,High wastage history
Cheese,Dairy,2,3,20.67,2.01,35.45,2026-05-29,2026-06-03 00:00:00.000000,5,10.28,1,0.9949839,High,High wastage history
Lentils,Grain,4,2,39.37,4.87,16.27,2026-05-09,2026-11-17 00:00:00.000000,172,8.08,0,0.008262939,Low,Within safe parameters
Garam Masala,Spice,4,1,49.27,15.43,21.5,2026-03-21,2027-03-06 00:00:00.000000,281,3.19,0,0.0013186466,Low,Within safe parameters
Oats,Grain,2,2,41.55,4.88,38.88,2026-04-29,2026-10-24 00:00:00.000000,148,8.51,1,0.55518526,Medium,High wastage history
Fish,Meat,5,0,42.2,3.67,33.63,2026-05-28,2026-06-02 00:00:00.000000,4,11.5,1,0.9936859,High,High wastage history
Watermelon,Fruit,3,2,35.07,4.505,29.0,2026-05-26,2026-06-02 00:00:00.000000,4,7.78,1,0.98222005,High,High wastage history
Mutton,Meat,5,0,48.99,13.9,10.92,2026-05-28,2026-06-01 00:00:00.000000,3,3.52,1,0.97042525,High,Expires soon
Butter,Dairy,1,1,1.29,0.39,25.86,2026-05-28,2026-06-04 00:00:00.000000,6,3.31,0,0.9665755,High,High wastage history
Chicken,Meat,5,2,28.01,7.83,19.56,2026-05-28,2026-05-31 00:00:00.000000,2,3.58,1,0.9750454,High,Expires soon
Spinach,Vegetable,5,2,6.61,2.57,15.06,2026-05-27,2026-06-07 00:00:00.000000,9,2.57,0,0.009762925,Low,Within safe parameters
Mutton,Meat,2,2,46.84,8.39,8.86,2026-05-28,2026-06-02 00:00:00.000000,4,5.58,1,0.75746304,High,Overstocked
Cream,Dairy,4,0,31.45,10.19,8.85,2026-05-27,2026-05-31 00:00:00.000000,2,3.09,1,0.9878265,High,Expires soon
Paneer,Dairy,1,0,30.5,0.19,39.37,2026-05-27,2026-06-05 00:00:00.000000,7,160.53,1,0.98343325,High,High wastage history
Capsicum,Vegetable,4,3,33.16,7.55,27.3,2026-05-29,2026-06-08 00:00:00.000000,10,4.39,0,0.0063827,Low,High wastage history
Zucchini,Vegetable,5,1,13.35,3.09,9.12,2026-05-29,2026-06-01 00:00:00.000000,3,4.32,1,0.99338716,High,Expires soon
Coconut Water,Beverage,5,1,34.19,12.09,0.08,2026-05-25,2026-06-05 00:00:00.000000,7,2.83,0,0.044475418,Low,Within safe parameters
Turmeric,Spice,1,0,6.53,3.55,19.82,2026-04-24,2027-03-23 00:00:00.000000,298,1.84,0,0.0776971,Low,Within safe parameters
Onion,Vegetable,3,2,22.72,0.15,7.78,2026-05-27,2026-06-06 00:00:00.000000,8,151.47,0,0.08929178,Low,Overstocked
Rice,Grain,5,1,4.18,0.49,6.58,2026-04-29,2026-10-14 00:00:00.000000,138,8.53,0,0.024975205,Low,Within safe parameters
Turmeric,Spice,1,2,29.83,7.51,13.37,2026-05-26,2027-04-05 00:00:00.000000,311,3.97,0,0.011594394,Low,Within safe parameters
Broccoli,Vegetable,3,1,26.22,2.56,2.92,2026-05-28,2026-05-31 00:00:00.000000,2,10.24,1,0.9913476,High,Expires soon
Chicken,Meat,0,3,48.74,17.88,15.1,2026-05-29,2026-05-30 00:00:00.000000,1,2.73,1,0.95075655,High,Expires soon
Turmeric,Spice,2,1,24.75,3.9,2.63,2026-05-22,2027-04-10 00:00:00.000000,316,6.35,0,0.004136511,Low,Within safe parameters
Rice,Grain,1,0,31.06,5.17,34.58,2026-05-26,2026-10-08 00:00:00.000000,132,6.01,0,0.032129373,Low,High wastage history
Rice,Grain,1,3,21.69,5.42,4.05,2026-05-04,2026-10-24 00:00:00.000000,148,4.0,0,0.0019746996,Low,Within safe parameters
Turmeric,Spice,0,3,10.03,0.5,23.81,2026-03-15,2027-02-11 00:00:00.000000,258,20.06,0,0.002307988,Low,Within safe parameters
Mango Pulp,Beverage,5,1,18.09,3.54,24.83,2026-05-25,2026-06-21 00:00:00.000000,23,5.11,0,0.003456999,Low,Within safe parameters
Orange,Fruit,2,2,29.43,6.09,26.07,2026-05-27,2026-06-03 00:00:00.000000,5,4.83,1,0.9754837,High,High wastage history
Chickpeas,Grain,4,1,30.36,3.61,38.81,2026-05-20,2026-10-26 00:00:00.000000,150,8.41,0,0.059971623,Low,High wastage history
Cumin,Spice,4,2,43.01,7.32,7.82,2026-03-19,2027-05-13 00:00:00.000000,349,5.88,0,0.239019,Low,Within safe parameters
Orange,Fruit,3,2,34.89,13.71,23.99,2026-05-26,2026-06-04 00:00:00.000000,6,2.54,0,0.013298461,Low,Within safe parameters
Chickpeas,Grain,0,0,16.77,0.79,35.04,2026-05-16,2026-09-12 00:00:00.000000,106,21.23,0,0.009131318,Low,High wastage history
Mutton,Meat,5,2,21.415,2.09,19.23,2026-05-29,2026-05-31 00:00:00.000000,2,10.25,1,0.9953387,High,Expires soon
Coconut Water,Beverage,4,3,41.39,0.21,0.4,2026-05-27,2026-06-17 00:00:00.000000,19,197.1,0,0.05574834,Low,Overstocked
Rice,Grain,3,1,31.75,11.6,14.4,2026-05-23,2026-10-18 00:00:00.000000,142,2.74,0,0.009673203,Low,Within safe parameters
Mango,Fruit,4,0,36.08,4.97,22.18,2026-05-27,2026-06-04 00:00:00.000000,6,7.26,0,0.017798161,Low,Overstocked
Potato,Vegetable,2,0,7.29,1.94,35.4,2026-05-27,2026-05-31 00:00:00.000000,2,3.76,1,0.9966893,High,Expires soon
Apple,Fruit,4,3,33.21,12.51,39.08,2026-05-27,2026-06-06 00:00:00.000000,8,2.65,0,0.06173326,Low,High wastage history
Chicken,Meat,4,2,9.99,1.57,14.97,2026-05-29,2026-05-31 00:00:00.000000,2,6.36,1,0.9956333,High,Expires soon
Cumin,Spice,0,2,15.06,0.98,9.89,2026-03-22,2026-12-01 00:00:00.000000,186,15.37,0,0.0015396044,Low,Within safe parameters
Curd,Dairy,4,3,39.34,12.47,24.6,2026-05-29,2026-06-05 00:00:00.000000,7,3.15,0,0.008098598,Low,Within safe parameters
Eggs,Meat,1,0,9.36,2.7,21.02,2026-05-28,2026-06-03 00:00:00.000000,5,3.47,0,0.00741373,Low,Within safe parameters
Prawns,Meat,0,0,10.76,3.86,18.08,2026-05-29,2026-06-02 00:00:00.000000,4,2.79,0,0.024197182,Low,Within safe parameters
Apple,Fruit,1,3,46.81,7.07,22.02,2026-05-28,2026-06-10 00:00:00.000000,12,6.62,0,0.0043820413,Low,Within safe parameters
Capsicum,Vegetable,0,3,29.41,5.53,24.85,2026-05-29,2026-06-05 00:00:00.000000,7,5.32,0,0.17439683,Low,Within safe parameters
Prawns,Meat,3,3,14.01,0.24,17.67,2026-05-28,2026-06-02 00:00:00.000000,4,58.38,1,0.98880625,High,Overstocked
Carrot,Vegetable,3,2,27.56,0.95,11.06,2026-05-27,2026-06-08 00:00:00.000000,10,29.01,0,0.09651242,Low,Overstocked
Spinach,Vegetable,2,0,17.02,4.63,10.0,2026-05-29,2026-06-08 00:00:00.000000,10,3.68,0,0.007688688,Low,Within safe parameters
Coconut Water,Beverage,5,1,49.92,15.05,29.59,2026-05-27,2026-06-24 00:00:00.000000,26,3.32,0,0.018446347,Low,High wastage history
Capsicum,Vegetable,3,0,41.18,12.51,0.48,2026-05-28,2026-06-06 00:00:00.000000,8,3.29,0,0.05502521,Low,Within safe parameters
Mango Pulp,Beverage,4,3,23.98,5.0,31.44,2026-05-26,2026-06-12 00:00:00.000000,14,4.8,0,0.016616335,Low,High wastage history
Red Chilli,Spice,2,0,21.73,8.19,16.71,2026-05-05,2027-02-03 00:00:00.000000,250,2.65,0,0.04976568,Low,Within safe parameters
Orange Juice,Beverage,4,0,15.63,4.64,19.99,2026-05-27,2026-06-23 00:00:00.000000,25,3.37,0,0.014988002,Low,Within safe parameters
Butter,Dairy,1,1,37.75,11.54,27.62,2026-05-27,2026-06-03 00:00:00.000000,5,3.27,1,0.8570107,High,High wastage history
Rice,Grain,4,2,49.72,11.34,31.97,2026-04-29,2026-08-06 00:00:00.000000,69,4.38,0,0.0029888235,Low,High wastage history
Oats,Grain,4,3,26.96,2.11,4.35,2026-05-27,2026-10-06 00:00:00.000000,130,12.78,0,0.0054547302,Low,Within safe parameters
Fish,Meat,4,2,2.09,0.61,19.54,2026-05-29,2026-05-30 00:00:00.000000,1,3.43,1,0.99025005,High,Expires soon
Mushroom,Vegetable,4,0,33.15,1.02,2.3,2026-05-28,2026-06-03 00:00:00.000000,5,32.5,1,0.9544522,High,Overstocked
Apple,Fruit,1,3,6.89,1.21,29.73,2026-05-29,2026-06-03 00:00:00.000000,5,5.69,1,0.9815103,High,High wastage history
Mango Pulp,Beverage,4,1,40.99,10.93,6.35,2026-05-23,2026-06-14 00:00:00.000000,16,3.75,0,0.051092297,Low,Within safe parameters
Soda,Beverage,0,1,23.28,5.41,29.49,2026-05-22,2026-06-15 00:00:00.000000,17,4.3,0,0.015049973,Low,High wastage history
Fish,Meat,1,0,21.05,1.59,24.71,2026-05-29,2026-06-03 00:00:00.000000,5,13.24,1,0.8662524,High,Overstocked
Mutton,Meat,1,2,44.33,2.88,35.3,2026-05-29,2026-05-30 00:00:00.000000,1,15.39,1,0.99331963,High,Expires soon
Turmeric,Spice,1,1,6.5,1.02,30.22,2026-03-20,2027-03-25 00:00:00.000000,300,6.37,0,0.03889667,Low,High wastage history
Coconut Water,Beverage,1,3,10.76,0.29,1.07,2026-05-25,2026-06-10 00:00:00.000000,12,37.1,0,0.0071194395,Low,Overstocked
Red Chilli,Spice,3,3,20.14,0.19,4.59,2026-05-05,2027-03-19 00:00:00.000000,294,106.0,0,0.01614038,Low,Within safe parameters
Cream,Dairy,1,3,4.59,1.24,28.54,2026-05-29,2026-06-03 00:00:00.000000,5,3.7,1,0.9781821,High,High wastage history
Fish,Meat,4,1,9.27,0.55,29.66,2026-05-29,2026-05-30 00:00:00.000000,1,16.85,1,0.99900454,High,Expires soon
Turmeric,Spice,4,0,9.31,2.69,35.71,2026-04-14,2027-04-09 00:00:00.000000,315,3.46,0,0.019369308,Low,High wastage history
Chicken,Meat,1,2,3.09,0.11,30.9,2026-05-28,2026-06-01 00:00:00.000000,3,28.09,1,0.99802786,High,Expires soon
Apple,Fruit,4,1,21.37,8.46,13.48,2026-05-29,2026-06-02 00:00:00.000000,4,2.53,0,0.26292893,Low,Within safe parameters
Turmeric,Spice,2,1,2.68,0.6,32.62,2026-05-08,2026-11-20 00:00:00.000000,175,4.47,0,0.013175143,Low,High wastage history
Cumin,Spice,0,1,6.48,0.63,14.26,2026-04-05,2027-03-17 00:00:00.000000,292,10.29,0,0.008951468,Low,Within safe parameters
Fish,Meat,1,2,11.39,3.03,11.14,2026-05-28,2026-05-31 00:00:00.000000,2,3.76,1,0.98324823,High,Expires soon
Spinach,Vegetable,1,1,25.23,10.0,28.5,2026-05-27,2026-06-04 00:00:00.000000,6,2.52,1,0.98873144,High,High wastage history
Mango Pulp,Beverage,2,0,49.08,13.7,27.12,2026-05-24,2026-06-24 00:00:00.000000,26,3.58,0,0.00537174,Low,High wastage history
Cumin,Spice,4,0,24.37,3.33,24.34,2026-03-05,2027-02-05 00:00:00.000000,252,7.32,0,0.014956067,Low,Within safe parameters
Eggs,Meat,0,1,12.01,3.0,35.87,2026-05-29,2026-06-03 00:00:00.000000,5,4.0,1,0.97686404,High,High wastage history
Red Chilli,Spice,0,1,7.31,1.51,8.08,2026-05-22,2026-10-06 00:00:00.000000,130,4.84,0,0.0010620534,Low,Within safe parameters
Turmeric,Spice,5,1,7.15,0.98,31.48,2026-04-17,2027-04-11 00:00:00.000000,317,7.3,1,0.7321772,High,High wastage history
Soda,Beverage,2,0,17.47,1.52,2.16,2026-05-24,2026-06-12 00:00:00.000000,14,11.49,0,0.0018334796,Low,Within safe parameters
Orange,Fruit,0,1,9.59,2.45,2.58,2026-05-27,2026-06-07 00:00:00.000000,9,3.91,0,0.00096674316,Low,Within safe parameters
Lemon,Fruit,4,1,9.1,2.04,31.81,2026-05-29,2026-06-03 00:00:00.000000,5,4.46,1,0.9925349,High,High wastage history
Rice,Grain,5,3,8.63,0.76,16.96,2026-05-20,2026-10-25 00:00:00.000000,149,11.36,0,0.006992731,Low,Within safe parameters
Butter,Dairy,5,3,43.19,8.36,38.04,2026-05-28,2026-06-01 00:00:00.000000,3,5.17,1,0.95530635,High,Expires soon
Mutton,Meat,1,3,38.14,12.52,31.74,2026-05-28,2026-06-02 00:00:00.000000,4,3.05,0,0.3351694,Medium,High wastage history
Prawns,Meat,3,2,27.87,2.04,15.22,2026-05-29,2026-06-03 00:00:00.000000,5,13.66,1,0.9211248,High,Overstocked
Cheese,Dairy,2,3,35.89,2.89,36.65,2026-05-29,2026-06-02 00:00:00.000000,4,12.42,0,0.93662506,High,High wastage history
Coconut Water,Beverage,1,3,48.54,7.31,19.58,2026-05-23,2026-06-18 00:00:00.000000,20,6.64,0,0.0018399111,Low,Within safe parameters
Rice,Grain,2,3,46.64,3.11,30.52,2026-05-17,2026-07-29 00:00:00.000000,61,15.0,0,0.009945392,Low,High wastage history
Coconut Water,Beverage,5,3,34.97,9.14,37.06,2026-05-24,2026-06-27 00:00:00.000000,29,3.83,0,0.013145597,Low,High wastage history
Banana,Fruit,3,2,35.02,9.08,10.45,2026-05-29,2026-06-11 00:00:00.000000,13,3.86,0,0.07264591,Low,Within safe parameters
Cumin,Spice,4,0,6.28,0.32,28.46,2026-05-28,2026-11-17 00:00:00.000000,172,19.62,0,0.030998431,Low,High wastage history
Garam Masala,Spice,0,2,8.71,1.54,27.67,2026-04-05,2026-12-01 00:00:00.000000,186,5.66,0,0.0016954602,Low,High wastage history
Lentils,Grain,0,3,20.87,7.33,29.11,2026-05-06,2026-09-14 00:00:00.000000,108,2.85,0,0.009098751,Low,High wastage history
Garam Masala,Spice,4,0,46.54,7.47,12.32,2026-05-03,2027-01-11 00:00:00.000000,227,6.23,0,0.0064747804,Low,Within safe parameters
Soda,Beverage,2,2,26.49,6.97,29.32,2026-05-23,2026-06-07 00:00:00.000000,9,3.8,0,0.011341346,Low,High wastage history
Curd,Dairy,4,1,25.38,1.21,22.68,2026-05-29,2026-06-03 00:00:00.000000,5,20.98,1,0.9703106,High,Overstocked
Lemon,Fruit,4,1,22.32,8.16,4.37,2026-05-26,2026-06-05 00:00:00.000000,7,2.74,0,0.20101954,Low,Within safe parameters
Capsicum,Vegetable,1,2,3.68,0.14,9.39,2026-05-28,2026-06-01 00:00:00.000000,3,26.29,1,0.99700755,High,Expires soon
Orange Juice,Beverage,2,2,33.43,10.57,1.67,2026-05-29,2026-06-13 00:00:00.000000,15,3.16,0,0.03974604,Low,Within safe parameters
Orange Juice,Beverage,0,3,46.64,8.88,13.48,2026-05-25,2026-06-21 00:00:00.000000,23,5.25,0,0.0053251693,Low,Within safe parameters
Cream,Dairy,3,0,33.42,5.12,2.29,2026-05-28,2026-06-01 00:00:00.000000,3,6.53,1,0.98650384,High,Expires soon
Paneer,Dairy,1,2,36.4,12.94,5.55,2026-05-28,2026-06-05 00:00:00.000000,7,2.81,0,0.023493838,Low,Within safe parameters
Coconut Water,Beverage,3,1,25.99,6.9,0.13,2026-05-22,2026-06-19 00:00:00.000000,21,3.77,0,0.015323246,Low,Within safe parameters
Coconut Water,Beverage,5,2,48.5,14.3,27.12,2026-05-29,2026-06-16 00:00:00.000000,18,3.39,0,0.008743797,Low,High wastage history
Prawns,Meat,3,2,49.35,16.93,36.21,2026-05-28,2026-06-02 00:00:00.000000,4,2.91,1,0.9546023,High,High wastage history
Milk,Dairy,5,1,43.87,13.79,28.67,2026-05-27,2026-06-01 00:00:00.000000,3,3.18,0,0.99033535,High,Expires soon
Chicken,Meat,5,0,8.82,1.63,4.63,2026-05-28,2026-06-03 00:00:00.000000,5,5.41,0,0.03210321,Low,Overstocked
Mango,Fruit,4,1,5.72,2.27,1.17,2026-05-29,2026-06-11 00:00:00.000000,13,2.52,0,0.007426408,Low,Within safe parameters
Cheese,Dairy,4,0,33.46,12.74,26.82,2026-05-28,2026-06-05 00:00:00.000000,7,2.63,1,0.9848481,High,High wastage history
Lentils,Grain,2,3,11.58,2.71,36.95,2026-05-02,2026-09-21 00:00:00.000000,115,4.27,0,0.0024583745,Low,High wastage history
Cheese,Dairy,5,3,48.33,8.5,9.33,2026-05-27,2026-06-05 00:00:00.000000,7,5.69,0,0.04349318,Low,Within safe parameters
Paneer,Dairy,2,2,29.81,2.32,37.68,2026-05-27,2026-06-02 00:00:00.000000,4,12.85,1,0.9926905,High,High wastage history
Orange,Fruit,1,0,15.88,3.79,7.59,2026-05-29,2026-06-10 00:00:00.000000,12,4.19,0,0.0022205114,Low,Within safe parameters
Fish,Meat,5,0,5.78,0.12,34.09,2026-05-29,2026-05-31 00:00:00.000000,2,48.17,1,0.9985739,High,Expires soon
Coconut Water,Beverage,1,1,7.8,0.96,29.88,2026-05-22,2026-06-26 00:00:00.000000,28,8.12,0,0.004705187,Low,High wastage history
Orange Juice,Beverage,3,0,14.04,4.78,22.96,2026-05-28,2026-06-21 00:00:00.000000,23,2.94,0,0.02277733,Low,Within safe parameters
Banana,Fruit,5,0,49.07,6.61,33.12,2026-05-29,2026-06-07 00:00:00.000000,9,7.42,0,0.030678682,Low,High wastage history
Cumin,Spice,4,2,15.31,5.01,36.5,2026-04-09,2027-05-03 00:00:00.000000,339,3.06,0,0.10318149,Low,High wastage history
Cabbage,Vegetable,3,3,23.93,3.4,15.65,2026-05-27,2026-06-06 00:00:00.000000,8,7.04,0,0.0071179704,Low,Within safe parameters
Coriander Powder,Spice,5,0,42.88,6.81,5.24,2026-03-01,2026-12-04 00:00:00.000000,189,6.3,0,0.057231307,Low,Within safe parameters
Rice,Grain,1,0,7.31,2.07,11.64,2026-05-11,2026-08-08 00:00:00.000000,71,3.53,0,0.0018104136,Low,Within safe parameters
Orange,Fruit,5,1,18.43,6.33,4.08,2026-05-29,2026-06-11 00:00:00.000000,13,2.91,0,0.003412868,Low,Within safe parameters
Mango Pulp,Beverage,1,3,46.34,1.87,38.97,2026-05-27,2026-06-26 00:00:00.000000,28,24.78,0,0.105136916,Low,High wastage history
Spinach,Vegetable,0,0,31.54,5.16,1.36,2026-05-29,2026-06-06 00:00:00.000000,8,6.11,0,0.0064406223,Low,Within safe parameters
Fish,Meat,5,1,39.0,13.51,26.01,2026-05-29,2026-06-02 00:00:00.000000,4,2.89,1,0.9329394,High,High wastage history
Red Chilli,Spice,2,0,4.59,0.95,26.75,2026-05-15,2026-10-27 00:00:00.000000,151,4.83,0,0.0026440194,Low,High wastage history
Zucchini,Vegetable,3,3,9.46,1.88,25.78,2026-05-27,2026-06-01 00:00:00.000000,3,5.03,1,0.9924786,High,Expires soon
Wheat Flour,Grain,3,2,45.49,14.49,7.4,2026-05-07,2026-07-14 00:00:00.000000,46,3.14,0,0.007876181,Low,Within safe parameters
Mushroom,Vegetable,2,3,27.18,8.92,26.07,2026-05-27,2026-06-08 00:00:00.000000,10,3.05,0,0.0020186815,Low,High wastage history
Watermelon,Fruit,4,2,0.76,0.19,12.57,2026-05-28,2026-06-10 00:00:00.000000,12,4.0,1,0.60871947,High,Within safe parameters
Wheat Flour,Grain,2,1,42.65,0.69,39.2,2026-05-21,2026-11-18 00:00:00.000000,173,61.81,0,0.06414797,Low,High wastage history
Milk,Dairy,1,1,12.79,0.33,37.83,2026-05-29,2026-06-05 00:00:00.000000,7,38.76,1,0.9956728,High,High wastage history
Cream,Dairy,4,3,34.91,7.35,39.44,2026-05-28,2026-06-04 00:00:00.000000,6,4.75,1,0.9571664,High,High wastage history
Chickpeas,Grain,5,1,41.08,3.97,7.52,2026-05-08,2026-07-23 00:00:00.000000,55,10.35,0,0.05981978,Low,Within safe parameters
Mango Pulp,Beverage,0,1,29.79,3.38,29.16,2026-05-26,2026-06-22 00:00:00.000000,24,8.81,0,0.004004477,Low,High wastage history
Semolina,Grain,1,0,23.08,8.73,27.06,2026-05-17,2026-08-08 00:00:00.000000,71,2.64,0,0.09556336,Low,High wastage history
Papaya,Fruit,2,1,49.77,13.9,7.71,2026-05-27,2026-06-11 00:00:00.000000,13,3.58,0,0.0075131874,Low,Within safe parameters
Garam Masala,Spice,1,1,49.63,8.67,1.04,2026-04-19,2026-11-13 00:00:00.000000,168,5.72,0,0.020131413,Low,Within safe parameters
Capsicum,Vegetable,0,2,25.68,0.82,25.61,2026-05-27,2026-06-01 00:00:00.000000,3,31.32,1,0.9967045,High,Expires soon
Butter,Dairy,4,1,5.35,2.1,8.89,2026-05-29,2026-06-02 00:00:00.000000,4,2.55,0,0.032387983,Low,Within safe parameters
Orange Juice,Beverage,0,1,29.65,9.59,3.82,2026-05-25,2026-06-28 00:00:00.000000,30,3.09,0,0.022778228,Low,Within safe parameters
Semolina,Grain,0,0,2.87,0.43,30.07,2026-05-01,2026-07-23 00:00:00.000000,55,6.67,0,0.00459191,Low,High wastage history
Soda,Beverage,0,3,0.97,0.25,6.22,2026-05-25,2026-06-09 00:00:00.000000,11,3.88,0,0.012283447,Low,Within safe parameters
Eggs,Meat,2,0,34.07,5.76,18.31,2026-05-29,2026-06-01 00:00:00.000000,3,5.91,1,0.9890575,High,Expires soon
Cheese,Dairy,3,0,47.11,16.62,32.56,2026-05-27,2026-06-03 00:00:00.000000,5,2.83,1,0.978448,High,High wastage history
Orange Juice,Beverage,1,0,31.92,1.07,9.6,2026-05-28,2026-06-15 00:00:00.000000,17,29.83,0,0.011680926,Low,Overstocked
Rice,Grain,5,2,46.51,15.06,0.43,2026-05-12,2026-09-09 00:00:00.000000,103,3.09,0,0.0053193807,Low,Within safe parameters
Garam Masala,Spice,1,1,34.41,9.35,21.3,2026-03-25,2027-05-08 00:00:00.000000,344,3.68,0,0.0062983898,Low,Within safe parameters
Zucchini,Vegetable,5,1,21.54,4.65,13.8,2026-05-27,2026-05-31 00:00:00.000000,2,4.63,1,0.99784434,High,Expires soon
Garam Masala,Spice,0,2,33.89,11.97,20.94,2026-05-08,2027-04-13 00:00:00.000000,319,2.83,0,0.015735893,Low,Within safe parameters
Carrot,Vegetable,0,1,21.42,3.31,14.93,2026-05-29,2026-06-05 00:00:00.000000,7,6.47,0,0.019405346,Low,Within safe parameters
Cumin,Spice,3,2,15.03,1.36,29.52,2026-03-29,2027-01-27 00:00:00.000000,243,11.05,0,0.012905734,Low,High wastage history
Apple,Fruit,1,2,3.35,0.11,18.41,2026-05-26,2026-06-10 00:00:00.000000,12,30.45,0,0.03975198,Low,Overstocked
Tomato,Vegetable,5,0,18.05,0.82,19.68,2026-05-28,2026-06-02 00:00:00.000000,4,22.01,1,0.9964103,High,Overstocked
Wheat Flour,Grain,2,3,8.2,2.19,9.04,2026-05-29,2026-10-30 00:00:00.000000,154,3.74,0,0.0007996914,Low,Within safe parameters
Butter,Dairy,4,3,5.88,1.09,33.57,2026-05-28,2026-06-04 00:00:00.000000,6,5.39,1,0.9895404,High,High wastage history
Cream,Dairy,2,3,10.32,0.86,1.61,2026-05-27,2026-06-02 00:00:00.000000,4,12.0,1,0.9873167,High,Overstocked
Coriander Powder,Spice,4,2,48.01,18.88,4.75,2026-03-29,2026-12-06 00:00:00.000000,191,2.54,0,0.037249193,Low,Within safe parameters
Mutton,Meat,1,0,7.01,2.69,31.71,2026-05-28,2026-06-03 00:00:00.000000,5,2.61,1,0.98369986,High,High wastage history
Milk,Dairy,5,2,34.08,4.73,39.06,2026-05-29,2026-06-01 00:00:00.000000,3,7.21,1,0.9964103,High,Expires soon
Prawns,Meat,3,0,38.16,3.86,6.1,2026-05-29,2026-06-02 00:00:00.000000,4,9.89,1,0.9395021,High,Overstocked
Apple,Fruit,3,2,33.48,5.8,18.96,2026-05-28,2026-06-12 00:00:00.000000,14,5.77,0,0.015447002,Low,Within safe parameters
Cabbage,Vegetable,4,1,6.46,1.1,10.95,2026-05-29,2026-06-02 00:00:00.000000,4,5.87,0,0.06874926,Low,Overstocked
Banana,Fruit,0,2,43.29,6.65,21.0,2026-05-29,2026-06-04 00:00:00.000000,6,6.51,0,0.039638087,Low,Overstocked
Mango,Fruit,1,0,25.74,6.66,12.17,2026-05-29,2026-06-08 00:00:00.000000,10,3.86,0,0.010170791,Low,Within safe parameters
Butter,Dairy,4,3,9.5,0.1,26.42,2026-05-29,2026-06-02 00:00:00.000000,4,95.0,1,0.9931357,High,High wastage history
Cheese,Dairy,0,0,9.65,3.67,14.54,2026-05-28,2026-05-31 00:00:00.000000,2,2.63,1,0.9823438,High,Expires soon
Tomato,Vegetable,3,1,40.6,12.09,23.56,2026-05-27,2026-06-05 00:00:00.000000,7,3.36,0,0.011143872,Low,Within safe parameters
Watermelon,Fruit,4,0,4.82,0.29,25.18,2026-05-26,2026-06-10 00:00:00.000000,12,16.62,0,0.08108473,Low,High wastage history
Zucchini,Vegetable,4,1,4.21,0.97,13.72,2026-05-29,2026-06-07 00:00:00.000000,9,4.34,0,0.024633667,Low,Within safe parameters
Mango Pulp,Beverage,2,1,21.2,6.06,35.66,2026-05-26,2026-06-09 00:00:00.000000,11,3.5,0,0.12089645,Low,High wastage history
Coconut Water,Beverage,1,0,45.59,1.33,16.76,2026-05-28,2026-06-25 00:00:00.000000,27,34.28,0,0.023413455,Low,Overstocked
Rice,Grain,0,1,48.39,5.68,38.23,2026-05-07,2026-09-06 00:00:00.000000,100,8.52,0,0.028739272,Low,High wastage history
Cumin,Spice,1,3,48.59,3.3,30.03,2026-03-25,2027-05-26 00:00:00.000000,362,14.72,0,0.015134445,Low,High wastage history
Soda,Beverage,0,3,9.61,0.7,8.71,2026-05-26,2026-06-13 00:00:00.000000,15,13.73,0,0.0049971202,Low,Within safe parameters
Soda,Beverage,3,0,35.56,7.9,6.84,2026-05-25,2026-06-12 00:00:00.000000,14,4.5,1,0.7537587,High,Within safe parameters
Apple,Fruit,5,2,46.4,5.09,31.62,2026-05-27,2026-06-03 00:00:00.000000,5,9.12,1,0.9819603,High,High wastage history
Orange,Fruit,0,1,32.61,8.29,38.89,2026-05-29,2026-06-02 00:00:00.000000,4,3.93,1,0.9893072,High,High wastage history
Garam Masala,Spice,5,0,44.97,5.38,39.41,2026-04-07,2026-11-03 00:00:00.000000,158,8.36,0,0.011100075,Low,High wastage history
Carrot,Vegetable,5,1,13.17,0.18,26.29,2026-05-29,2026-06-04 00:00:00.000000,6,73.17,1,0.99670994,High,High wastage history
Orange Juice,Beverage,5,3,40.93,3.69,10.75,2026-05-26,2026-06-13 00:00:00.000000,15,11.09,0,0.020614462,Low,Within safe parameters
Soda,Beverage,1,1,18.75,6.78,3.75,2026-05-23,2026-06-12 00:00:00.000000,14,2.77,0,0.01294236,Low,Within safe parameters
Orange,Fruit,4,1,47.2,3.49,11.28,2026-05-26,2026-06-10 00:00:00.000000,12,13.52,0,0.027176592,Low,Overstocked
Orange,Fruit,5,3,3.94,0.21,9.81,2026-05-28,2026-06-10 00:00:00.000000,12,18.76,0,0.15097642,Low,Overstocked
Chicken,Meat,5,1,19.2,0.26,33.06,2026-05-29,2026-05-30 00:00:00.000000,1,73.85,1,0.9976555,High,Expires soon
Turmeric,Spice,4,1,7.56,1.93,0.54,2026-04-25,2026-10-08 00:00:00.000000,132,3.92,0,0.002718104,Low,Within safe parameters
Orange Juice,Beverage,5,0,7.39,2.27,35.7,2026-05-26,2026-06-07 00:00:00.000000,9,3.26,0,0.014206904,Low,High wastage history
Butter,Dairy,4,3,27.4,3.0,21.74,2026-05-29,2026-06-01 00:00:00.000000,3,9.13,0,0.3295737,Medium,Expires soon
Spinach,Vegetable,2,0,7.52,2.75,0.96,2026-05-28,2026-06-08 00:00:00.000000,10,2.73,0,0.0034390402,Low,Within safe parameters
Apple,Fruit,4,0,34.49,9.89,36.06,2026-05-26,2026-06-11 00:00:00.000000,13,3.49,0,0.048915233,Low,High wastage history
Onion,Vegetable,3,2,30.98,1.55,36.93,2026-05-29,2026-06-05 00:00:00.000000,7,19.99,1,0.98015714,High,High wastage history
Zucchini,Vegetable,4,1,17.07,1.32,17.01,2026-05-27,2026-06-06 00:00:00.000000,8,12.93,0,0.04155961,Low,Overstocked
Coriander Powder,Spice,3,0,45.85,12.17,37.32,2026-04-25,2026-10-19 00:00:00.000000,143,3.77,0,0.023340756,Low,High wastage history
Turmeric,Spice,4,2,7.82,1.45,31.87,2026-04-19,2026-11-10 00:00:00.000000,165,5.39,0,0.023585416,Low,High wastage history
Orange Juice,Beverage,0,2,7.66,1.06,5.1,2026-05-25,2026-06-18 00:00:00.000000,20,7.23,0,0.0022107405,Low,Within safe parameters
Butter,Dairy,1,3,48.66,11.75,25.46,2026-05-27,2026-06-03 00:00:00.000000,5,4.14,1,0.92442524,High,High wastage history
Cumin,Spice,1,3,26.92,5.78,32.86,2026-03-22,2027-05-08 00:00:00.000000,344,4.66,0,0.0030950014,Low,High wastage history
Lentils,Grain,0,3,34.83,10.45,28.12,2026-05-05,2026-11-22 00:00:00.000000,177,3.33,0,0.0012434621,Low,High wastage history
Onion,Vegetable,3,2,47.9,17.65,2.38,2026-05-28,2026-06-08 00:00:00.000000,10,2.71,0,0.005231402,Low,Within safe parameters
Mango Pulp,Beverage,1,0,12.5,4.16,2.23,2026-05-23,2026-06-09 00:00:00.000000,11,3.0,0,0.0040949285,Low,Within safe parameters
Cumin,Spice,5,3,48.26,7.24,28.06,2026-03-01,2026-09-09 00:00:00.000000,103,6.67,0,0.0033552323,Low,High wastage history
Broccoli,Vegetable,2,1,7.49,0.81,0.5,2026-05-28,2026-06-02 00:00:00.000000,4,9.25,1,0.9875453,High,Overstocked
Mutton,Meat,1,1,23.77,6.9,17.76,2026-05-28,2026-05-31 00:00:00.000000,2,3.44,1,0.99457294,High,Expires soon
Capsicum,Vegetable,4,2,2.09,0.65,20.13,2026-05-27,2026-05-31 00:00:00.000000,2,3.22,0,0.9864183,High,Expires soon
Soda,Beverage,0,3,46.0,9.28,28.37,2026-05-25,2026-06-27 00:00:00.000000,29,4.96,0,0.0020771984,Low,High wastage history
Apple,Fruit,0,2,37.29,6.03,2.24,2026-05-28,2026-06-07 00:00:00.000000,9,6.18,0,0.0055780313,Low,Within safe parameters
Orange Juice,Beverage,1,3,41.45,2.82,32.13,2026-05-23,2026-06-15 00:00:00.000000,17,14.7,0,0.033745375,Low,High wastage history
Apple,Fruit,2,2,30.36,10.3,1.12,2026-05-27,2026-06-02 00:00:00.000000,4,2.95,0,0.03769577,Low,Within safe parameters
Rice,Grain,4,2,45.53,3.5,8.07,2026-05-05,2026-06-30 00:00:00.000000,32,13.01,0,0.0138145415,Low,Within safe parameters
Apple,Fruit,0,2,28.41,9.0,1.83,2026-05-29,2026-06-10 00:00:00.000000,12,3.16,0,0.022622973,Low,Within safe parameters
Paneer,Dairy,3,0,10.15,3.08,29.03,2026-05-27,2026-06-03 00:00:00.000000,5,3.3,1,0.9891171,High,High wastage history
Turmeric,Spice,1,0,25.36,7.88,0.95,2026-05-17,2027-05-11 00:00:00.000000,347,3.22,0,0.061343566,Low,Within safe parameters
Eggs,Meat,3,2,34.28,1.17,25.04,2026-05-29,2026-05-31 00:00:00.000000,2,29.3,1,0.9918024,High,Expires soon
Mango,Fruit,5,1,22.65,1.28,11.63,2026-05-27,2026-06-03 00:00:00.000000,5,17.7,1,0.99213284,High,Overstocked
Chicken,Meat,4,3,47.92,10.91,39.78,2026-05-29,2026-05-31 00:00:00.000000,2,4.39,1,0.8741467,High,Expires soon
Potato,Vegetable,0,0,5.16,0.72,37.36,2026-05-28,2026-06-01 00:00:00.000000,3,7.17,1,0.9982311,High,Expires soon
Milk,Dairy,3,0,9.37,2.92,10.32,2026-05-29,2026-05-31 00:00:00.000000,2,3.21,1,0.99089885,High,Expires soon
Cheese,Dairy,2,1,2.46,0.86,16.04,2026-05-28,2026-06-04 00:00:00.000000,6,2.86,0,0.013988755,Low,Within safe parameters
Cumin,Spice,3,3,47.63,7.18,27.29,2026-03-11,2027-05-16 00:00:00.000000,352,6.63,0,0.0052493336,Low,High wastage history
Cream,Dairy,0,2,37.18,3.72,32.85,2026-05-29,2026-06-05 00:00:00.000000,7,9.99,0,0.30940592,Medium,High wastage history
Orange Juice,Beverage,1,0,42.76,3.89,34.97,2026-05-23,2026-06-10 00:00:00.000000,12,10.99,0,0.14622912,Low,High wastage history
Cheese,Dairy,5,3,5.9,0.51,4.33,2026-05-28,2026-06-04 00:00:00.000000,6,11.57,1,0.9893378,High,Overstocked
Prawns,Meat,1,1,16.21,6.46,19.45,2026-05-29,2026-06-01 00:00:00.000000,3,2.51,1,0.9950836,High,Expires soon
Chicken,Meat,1,0,47.45,2.85,8.54,2026-05-29,2026-05-30 00:00:00.000000,1,16.65,1,0.9884426,High,Expires soon
Oats,Grain,3,2,11.06,1.01,0.92,2026-05-14,2026-10-16 00:00:00.000000,140,10.95,0,0.0049763327,Low,Within safe parameters
Fish,Meat,5,0,7.52,0.9,3.27,2026-05-29,2026-05-31 00:00:00.000000,2,8.36,1,0.998262,High,Expires soon
Prawns,Meat,5,1,41.61,1.63,36.07,2026-05-29,2026-06-01 00:00:00.000000,3,25.53,1,0.9926991,High,Expires soon
Coconut Water,Beverage,4,1,24.34,5.26,31.35,2026-05-23,2026-06-16 00:00:00.000000,18,4.63,0,0.10918325,Low,High wastage history
Fish,Meat,2,3,4.35,1.2,24.66,2026-05-29,2026-06-03 00:00:00.000000,5,3.62,0,0.13510053,Low,Within safe parameters
Coconut Water,Beverage,4,2,25.22,3.26,31.68,2026-05-27,2026-06-19 00:00:00.000000,21,7.74,0,0.03083726,Low,High wastage history
Milk,Dairy,1,2,22.74,8.82,3.9,2026-05-27,2026-06-01 00:00:00.000000,3,2.58,1,0.99086726,High,Expires soon
Banana,Fruit,0,1,17.73,6.76,38.87,2026-05-28,2026-06-07 00:00:00.000000,9,2.62,0,0.06273405,Low,High wastage history
Carrot,Vegetable,2,0,25.35,8.81,27.97,2026-05-28,2026-06-04 00:00:00.000000,6,2.88,1,0.9976793,High,High wastage history
Prawns,Meat,3,3,26.4,8.1,4.54,2026-05-28,2026-06-01 00:00:00.000000,3,3.26,1,0.9861092,High,Expires soon
Fish,Meat,0,1,27.37,4.24,33.8,2026-05-29,2026-06-03 00:00:00.000000,5,6.46,1,0.99588335,High,High wastage history
Fish,Meat,2,2,32.66,8.09,16.45,2026-05-29,2026-05-30 00:00:00.000000,1,4.04,1,0.9883746,High,Expires soon
Orange Juice,Beverage,0,3,33.55,11.44,8.47,2026-05-29,2026-06-23 00:00:00.000000,25,2.93,0,0.021412188,Low,Within safe parameters
Oats,Grain,4,2,6.66,2.58,36.56,2026-04-29,2026-10-26 00:00:00.000000,150,2.58,0,0.025732994,Low,High wastage history
Soda,Beverage,3,2,13.75,3.66,12.3,2026-05-25,2026-06-12 00:00:00.000000,14,3.76,0,0.0072701867,Low,Within safe parameters
Mutton,Meat,1,2,1.8,0.59,33.63,2026-05-29,2026-05-30 00:00:00.000000,1,3.05,1,0.99570113,High,Expires soon
Garam Masala,Spice,3,0,49.65,4.88,38.94,2026-03-17,2026-11-22 00:00:00.000000,177,10.17,0,0.03475767,Low,High wastage history
Red Chilli,Spice,0,2,47.0,7.4,29.12,2026-05-13,2027-04-03 00:00:00.000000,309,6.35,0,0.0052930806,Low,High wastage history
Milk,Dairy,1,1,35.65,1.89,4.73,2026-05-29,2026-06-01 00:00:00.000000,3,18.86,1,0.98781186,High,Expires soon
Fish,Meat,3,1,5.12,0.95,25.16,2026-05-29,2026-05-31 00:00:00.000000,2,5.39,1,0.9933942,High,Expires soon
Zucchini,Vegetable,0,2,37.25,2.03,18.15,2026-05-29,2026-06-06 00:00:00.000000,8,18.35,0,0.011521202,Low,Overstocked
Curd,Dairy,5,1,10.09,3.41,29.05,2026-05-28,2026-06-01 00:00:00.000000,3,2.96,1,0.9960756,High,Expires soon
Fish,Meat,3,2,31.56,8.1,23.17,2026-05-29,2026-05-30 00:00:00.000000,1,3.9,1,0.9489659,High,Expires soon
Eggs,Meat,2,2,13.47,1.06,3.1,2026-05-28,2026-05-31 00:00:00.000000,2,12.71,1,0.9975521,High,Expires soon
Mango Pulp,Beverage,2,3,20.98,4.13,25.03,2026-05-29,2026-06-20 00:00:00.000000,22,5.08,0,0.0054726293,Low,High wastage history
Prawns,Meat,5,0,9.4,0.14,7.15,2026-05-29,2026-06-02 00:00:00.000000,4,67.14,1,0.99586236,High,Overstocked
Rice,Grain,3,2,49.75,11.98,0.2,2026-05-14,2026-09-24 00:00:00.000000,118,4.15,0,0.008687251,Low,Within safe parameters
Paneer,Dairy,0,1,1.64,0.38,6.09,2026-05-27,2026-05-31 00:00:00.000000,2,4.32,1,0.99077016,High,Expires soon
Onion,Vegetable,3,2,4.63,1.31,5.06,2026-05-29,2026-06-02 00:00:00.000000,4,3.53,0,0.04256582,Low,Within safe parameters
Lemon,Fruit,5,0,23.62,7.66,17.44,2026-05-27,2026-06-09 00:00:00.000000,11,3.08,0,0.018151764,Low,Within safe parameters
Apple,Fruit,4,1,48.11,2.07,31.73,2026-05-27,2026-06-11 00:00:00.000000,13,23.24,1,0.8113559,High,High wastage history
Orange,Fruit,5,1,44.2,7.55,29.88,2026-05-26,2026-06-08 00:00:00.000000,10,5.85,0,0.0065232473,Low,High wastage history
Rice,Grain,1,3,17.97,6.46,32.77,2026-05-11,2026-08-18 00:00:00.000000,81,2.78,0,0.006620433,Low,High wastage history
Cabbage,Vegetable,0,0,30.39,10.68,38.02,2026-05-28,2026-06-06 00:00:00.000000,8,2.85,0,0.04954627,Low,High wastage history
Chicken,Meat,4,2,39.65,5.74,2.91,2026-05-28,2026-06-01 00:00:00.000000,3,6.91,1,0.9822645,High,Expires soon
Curd,Dairy,2,0,34.57,9.94,8.55,2026-05-28,2026-05-31 00:00:00.000000,2,3.48,1,0.98623985,High,Expires soon
Curd,Dairy,1,2,11.0,1.04,22.44,2026-05-27,2026-06-02 00:00:00.000000,4,10.58,1,0.95396495,High,Overstocked
Orange Juice,Beverage,5,3,40.76,3.31,1.99,2026-05-24,2026-06-18 00:00:00.000000,20,12.31,0,0.016523542,Low,Within safe parameters
Capsicum,Vegetable,2,3,8.97,1.24,15.31,2026-05-28,2026-06-01 00:00:00.000000,3,7.23,1,0.98911464,High,Expires soon
Paneer,Dairy,1,2,42.16,6.85,35.83,2026-05-29,2026-06-02 00:00:00.000000,4,6.15,1,0.9846503,High,High wastage history
Carrot,Vegetable,2,2,41.58,6.96,12.04,2026-05-29,2026-06-07 00:00:00.000000,9,5.97,0,0.021328544,Low,Within safe parameters
Cheese,Dairy,0,2,30.81,4.91,27.86,2026-05-28,2026-06-02 00:00:00.000000,4,6.27,1,0.992187,High,High wastage history
Orange Juice,Beverage,0,0,11.59,3.84,5.55,2026-05-29,2026-06-08 00:00:00.000000,10,3.02,0,0.002005952,Low,Within safe parameters
Soda,Beverage,4,1,36.34,11.83,32.65,2026-05-26,2026-06-07 00:00:00.000000,9,3.07,0,0.03160684,Low,High wastage history
Tomato,Vegetable,2,0,47.38,1.51,13.17,2026-05-29,2026-06-01 00:00:00.000000,3,31.38,1,0.99094754,High,Expires soon
Soda,Beverage,5,0,29.38,1.5,12.77,2026-05-27,2026-06-10 00:00:00.000000,12,19.59,0,0.033900812,Low,Overstocked
Oats,Grain,5,3,26.62,6.2,26.45,2026-05-13,2026-07-29 00:00:00.000000,61,4.29,0,0.001800674,Low,High wastage history
Cream,Dairy,4,3,38.43,10.96,14.12,2026-05-28,2026-05-31 00:00:00.000000,2,3.51,1,0.95190907,High,Expires soon
Watermelon,Fruit,5,1,48.6,1.27,0.53,2026-05-29,2026-06-02 00:00:00.000000,4,38.27,1,0.9870905,High,Overstocked
Soda,Beverage,1,1,10.83,2.6,21.11,2026-05-24,2026-06-08 00:00:00.000000,10,4.17,0,0.0028613107,Low,Within safe parameters
Coconut Water,Beverage,5,3,45.75,4.08,14.55,2026-05-28,2026-06-09 00:00:00.000000,11,11.21,0,0.022610202,Low,Overstocked
Mango Pulp,Beverage,4,3,21.44,5.92,38.06,2026-05-25,2026-06-07 00:00:00.000000,9,3.62,0,0.025773589,Low,High wastage history
Potato,Vegetable,2,3,1.32,0.3,10.67,2026-05-29,2026-06-01 00:00:00.000000,3,4.4,1,0.9818418,High,Expires soon
Oats,Grain,3,0,27.74,4.0,8.48,2026-04-30,2026-07-28 00:00:00.000000,60,6.94,0,0.012247676,Low,Within safe parameters
Eggs,Meat,2,0,18.8,0.46,15.3,2026-05-28,2026-06-02 00:00:00.000000,4,40.87,1,0.99409133,High,Overstocked
Apple,Fruit,1,1,26.71,5.32,17.34,2026-05-27,2026-06-03 00:00:00.000000,5,5.02,0,0.015031922,Low,Overstocked
Cumin,Spice,4,2,44.81,10.35,9.55,2026-05-23,2026-10-24 00:00:00.000000,148,4.33,0,0.052733872,Low,Within safe parameters
Curd,Dairy,1,3,11.38,3.77,27.67,2026-05-29,2026-06-03 00:00:00.000000,5,3.02,1,0.9622444,High,High wastage history
Orange,Fruit,3,1,35.44,4.15,0.12,2026-05-27,2026-06-11 00:00:00.000000,13,8.54,0,0.012112926,Low,Within safe parameters
Garam Masala,Spice,5,3,12.31,1.62,2.78,2026-03-02,2027-01-30 00:00:00.000000,246,7.6,0,0.0012646731,Low,Within safe parameters
Mutton,Meat,5,2,21.415,1.29,10.55,2026-05-28,2026-06-02 00:00:00.000000,4,16.6,1,0.99469995,High,Overstocked
Turmeric,Spice,1,0,43.72,8.32,1.81,2026-03-28,2026-08-27 00:00:00.000000,90,5.25,1,0.43799642,Medium,Within safe parameters
Coriander Powder,Spice,0,1,37.87,11.77,4.0,2026-05-08,2027-05-11 00:00:00.000000,347,3.22,0,0.029124292,Low,Within safe parameters
Cheese,Dairy,5,3,13.24,2.63,14.57,2026-05-27,2026-06-02 00:00:00.000000,4,5.03,1,0.034547,Low,Overstocked
Butter,Dairy,0,0,24.48,2.72,20.77,2026-05-27,2026-06-05 00:00:00.000000,7,9.0,0,0.08476442,Low,Overstocked
Banana,Fruit,5,1,25.14,2.53,29.64,2026-05-27,2026-06-03 00:00:00.000000,5,9.94,1,0.9943983,High,High wastage history
Curd,Dairy,4,2,5.84,0.71,25.08,2026-05-27,2026-06-03 00:00:00.000000,5,8.23,1,0.9946514,High,High wastage history
Eggs,Meat,3,1,19.86,3.37,39.76,2026-05-28,2026-06-01 00:00:00.000000,3,5.89,1,0.99857986,High,Expires soon
Zucchini,Vegetable,0,0,39.87,9.08,31.7,2026-05-28,2026-06-01 00:00:00.000000,3,4.39,1,0.97761303,High,Expires soon
Tomato,Vegetable,5,3,34.21,7.21,11.59,2026-05-28,2026-06-02 00:00:00.000000,4,4.74,0,0.04610106,Low,Overstocked
Apple,Fruit,3,3,1.27,0.12,11.32,2026-05-27,2026-06-02 00:00:00.000000,4,10.58,1,0.9911856,High,Overstocked
Broccoli,Vegetable,2,0,33.18,0.11,10.06,2026-05-28,2026-06-06 00:00:00.000000,8,301.64,0,0.03149319,Low,Overstocked
Milk,Dairy,2,1,7.56,2.24,17.28,2026-05-28,2026-06-05 00:00:00.000000,7,3.37,0,0.007604876,Low,Within safe parameters
Curd,Dairy,1,2,40.68,10.4,16.9,2026-05-29,2026-06-02 00:00:00.000000,4,3.91,0,0.03959597,Low,Within safe parameters
Capsicum,Vegetable,0,0,28.41,7.75,12.9,2026-05-29,2026-06-04 00:00:00.000000,6,3.67,0,0.030608874,Low,Within safe parameters
Cumin,Spice,4,0,10.38,1.34,11.89,2026-03-20,2027-03-28 00:00:00.000000,303,7.75,0,0.03945816,Low,Within safe parameters
Eggs,Meat,1,1,7.36,1.36,12.53,2026-05-29,2026-06-02 00:00:00.000000,4,5.41,0,0.02409554,Low,Overstocked
Coriander Powder,Spice,3,3,21.32,3.56,1.11,2026-03-31,2027-04-02 00:00:00.000000,308,5.99,0,0.009160616,Low,Within safe parameters
Soda,Beverage,4,2,39.44,9.2,14.92,2026-05-25,2026-06-24 00:00:00.000000,26,4.29,0,0.015297194,Low,Within safe parameters
Semolina,Grain,1,2,33.67,6.29,30.52,2026-05-17,2026-07-30 00:00:00.000000,62,5.35,0,0.008088376,Low,High wastage history
Orange Juice,Beverage,2,2,17.01,0.75,11.62,2026-05-28,2026-06-13 00:00:00.000000,15,22.68,0,0.0075253714,Low,Overstocked
Paneer,Dairy,5,2,25.79,7.42,28.06,2026-05-27,2026-06-04 00:00:00.000000,6,3.48,1,0.99037045,High,High wastage history
Lentils,Grain,4,3,33.95,11.59,12.04,2026-05-01,2026-08-24 00:00:00.000000,87,2.93,0,0.024634298,Low,Within safe parameters
Broccoli,Vegetable,2,1,8.07,2.85,20.79,2026-05-29,2026-06-01 00:00:00.000000,3,2.83,1,0.98274004,High,Expires soon
Broccoli,Vegetable,0,2,3.25,0.25,16.18,2026-05-28,2026-06-07 00:00:00.000000,9,13.0,0,0.010458964,Low,Overstocked
Mango Pulp,Beverage,0,0,43.04,10.66,17.29,2026-05-22,2026-06-26 00:00:00.000000,28,4.04,0,0.01646416,Low,Within safe parameters
Mango,Fruit,4,1,24.07,2.86,26.7,2026-05-28,2026-06-09 00:00:00.000000,11,8.42,0,0.008557323,Low,High wastage history
Fish,Meat,1,0,23.47,7.66,5.93,2026-05-29,2026-06-02 00:00:00.000000,4,3.06,0,0.04958233,Low,Within safe parameters
Zucchini,Vegetable,2,3,32.43,11.6,24.8,2026-05-29,2026-06-04 00:00:00.000000,6,2.8,1,0.80230844,High,Within safe parameters
Curd,Dairy,5,3,0.95,0.14,20.03,2026-05-28,2026-06-03 00:00:00.000000,5,6.79,0,0.079265535,Low,Overstocked
Apple,Fruit,0,3,32.97,4.71,28.77,2026-05-28,2026-06-02 00:00:00.000000,4,7.0,1,0.98536193,High,High wastage history
Cumin,Spice,5,0,3.88,1.32,19.35,2026-04-09,2027-01-29 00:00:00.000000,245,2.94,0,0.01606923,Low,Within safe parameters
Lentils,Grain,0,1,33.12,3.51,27.91,2026-05-05,2026-11-04 00:00:00.000000,159,9.44,0,0.0016079359,Low,High wastage history
Semolina,Grain,2,3,42.68,2.8,3.86,2026-05-29,2026-07-09 00:00:00.000000,41,15.24,0,0.010486469,Low,Within safe parameters
Red Chilli,Spice,4,0,45.04,3.22,35.7,2026-05-16,2026-12-26 00:00:00.000000,211,13.99,0,0.021770542,Low,High wastage history
Chicken,Meat,0,2,2.35,0.73,17.66,2026-05-29,2026-06-01 00:00:00.000000,3,3.22,1,0.98778045,High,Expires soon
Turmeric,Spice,3,1,22.75,1.3,25.5,2026-03-01,2026-10-21 00:00:00.000000,145,17.5,0,0.010831392,Low,High wastage history
Apple,Fruit,1,3,11.66,3.49,17.36,2026-05-27,2026-06-11 00:00:00.000000,13,3.34,0,0.0014215045,Low,Within safe parameters
Mango Pulp,Beverage,0,2,10.58,3.45,35.73,2026-05-28,2026-06-05 00:00:00.000000,7,3.07,1,0.9720767,High,High wastage history
Eggs,Meat,3,2,9.91,0.9,33.1,2026-05-28,2026-05-31 00:00:00.000000,2,11.01,1,0.998604,High,Expires soon
Milk,Dairy,2,1,31.46,11.01,22.77,2026-05-28,2026-06-03 00:00:00.000000,5,2.86,0,0.014740707,Low,Within safe parameters
Semolina,Grain,2,2,3.05,0.71,0.9,2026-05-22,2026-11-02 00:00:00.000000,157,4.3,0,0.008105671,Low,Within safe parameters
Butter,Dairy,5,3,43.69,2.84,11.52,2026-05-29,2026-06-02 00:00:00.000000,4,15.38,1,0.9801278,High,Overstocked
Orange,Fruit,1,0,27.52,9.83,23.31,2026-05-29,2026-06-10 00:00:00.000000,12,2.8,0,0.011776617,Low,Within safe parameters
Cream,Dairy,2,2,13.41,1.86,30.59,2026-05-28,2026-06-02 00:00:00.000000,4,7.21,1,0.99469227,High,High wastage history
Lentils,Grain,5,0,24.93,8.05,22.55,2026-05-22,2026-07-13 00:00:00.000000,45,3.1,0,0.06952219,Low,Within safe parameters
Orange Juice,Beverage,2,0,44.43,8.56,5.18,2026-05-28,2026-06-18 00:00:00.000000,20,5.19,0,0.075215414,Low,Within safe parameters
Tomato,Vegetable,0,3,17.84,3.46,31.26,2026-05-27,2026-06-03 00:00:00.000000,5,5.16,1,0.9795672,High,High wastage history
Lemon,Fruit,2,2,34.26,10.14,22.1,2026-05-26,2026-06-04 00:00:00.000000,6,3.38,0,0.005332473,Low,Within safe parameters
Soda,Beverage,1,1,27.7,1.37,4.72,2026-05-23,2026-06-27 00:00:00.000000,29,20.22,0,0.003879452,Low,Within safe parameters
Butter,Dairy,3,1,12.29,0.54,0.4,2026-05-29,2026-06-03 00:00:00.000000,5,22.76,1,0.9910307,High,Overstocked
Orange Juice,Beverage,5,2,4.29,0.3,7.22,2026-05-29,2026-06-12 00:00:00.000000,14,14.3,1,0.54975396,Medium,Overstocked
Milk,Dairy,3,1,20.19,5.34,26.26,2026-05-27,2026-06-01 00:00:00.000000,3,3.78,1,0.9984628,High,Expires soon
Wheat Flour,Grain,5,3,45.8,4.11,28.53,2026-05-01,2026-09-27 00:00:00.000000,121,11.14,0,0.005801517,Low,High wastage history
Coconut Water,Beverage,0,1,35.04,7.11,2.16,2026-05-24,2026-06-13 00:00:00.000000,15,4.93,0,0.004977868,Low,Within safe parameters
Garam Masala,Spice,3,3,45.65,15.38,20.84,2026-05-03,2026-10-06 00:00:00.000000,130,2.97,0,0.0022463303,Low,Within safe parameters
Wheat Flour,Grain,3,2,48.91,13.69,26.0,2026-05-28,2026-08-03 00:00:00.000000,66,3.57,0,0.0028539277,Low,High wastage history
Tomato,Vegetable,2,3,29.62,3.63,38.6,2026-05-28,2026-06-04 00:00:00.000000,6,8.16,1,0.98776335,High,High wastage history
Soda,Beverage,2,3,23.985,2.1,15.17,2026-05-23,2026-06-17 00:00:00.000000,19,11.42,0,0.006399323,Low,Within safe parameters
Rice,Grain,2,0,17.72,0.28,24.35,2026-05-05,2026-11-13 00:00:00.000000,168,63.29,0,0.001823289,Low,Within safe parameters
Coconut Water,Beverage,2,1,43.35,13.59,37.14,2026-05-23,2026-06-15 00:00:00.000000,17,3.19,0,0.021258155,Low,High wastage history
Orange Juice,Beverage,5,3,43.0,16.14,18.54,2026-05-25,2026-06-26 00:00:00.000000,28,2.66,0,0.005795173,Low,Within safe parameters
Chickpeas,Grain,4,0,37.41,13.84,5.27,2026-05-15,2026-10-03 00:00:00.000000,127,2.7,1,0.6785933,High,Within safe parameters
Coconut Water,Beverage,4,2,17.21,2.78,24.62,2026-05-25,2026-06-22 00:00:00.000000,24,6.19,0,0.018131418,Low,Within safe parameters
Coriander Powder,Spice,2,2,33.21,11.12,33.9,2026-03-18,2027-01-31 00:00:00.000000,247,2.99,0,0.009784491,Low,High wastage history
Broccoli,Vegetable,1,2,24.27,8.21,8.71,2026-05-28,2026-05-31 00:00:00.000000,2,2.96,1,0.99441814,High,Expires soon
Capsicum,Vegetable,2,0,13.27,4.2,10.38,2026-05-29,2026-06-07 00:00:00.000000,9,3.16,0,0.0056786863,Low,Within safe parameters
Watermelon,Fruit,4,1,12.02,3.18,7.37,2026-05-29,2026-06-10 00:00:00.000000,12,3.78,0,0.011106589,Low,Within safe parameters
Eggs,Meat,2,0,3.51,1.03,10.36,2026-05-29,2026-06-03 00:00:00.000000,5,3.41,0,0.0115960715,Low,Within safe parameters
Coriander Powder,Spice,0,2,5.9,1.25,4.53,2026-04-15,2026-12-25 00:00:00.000000,210,4.72,0,0.0025459283,Low,Within safe parameters
Apple,Fruit,5,0,32.27,11.32,5.72,2026-05-29,2026-06-07 00:00:00.000000,9,2.85,0,0.08086213,Low,Within safe parameters
Coconut Water,Beverage,1,0,23.8,9.27,24.88,2026-05-24,2026-06-25 00:00:00.000000,27,2.57,0,0.45320663,Medium,Within safe parameters
Capsicum,Vegetable,0,1,30.65,9.93,20.43,2026-05-29,2026-05-31 00:00:00.000000,2,3.09,1,0.98252445,High,Expires soon
Chickpeas,Grain,4,0,29.34,7.75,6.0,2026-05-03,2026-10-02 00:00:00.000000,126,3.79,0,0.33465266,Medium,Within safe parameters
Turmeric,Spice,4,2,31.7,9.33,21.56,2026-03-17,2027-05-11 00:00:00.000000,347,3.4,0,0.016756263,Low,Within safe parameters
Rice,Grain,5,3,22.33,2.48,33.44,2026-05-13,2026-11-09 00:00:00.000000,164,9.0,0,0.0068011736,Low,High wastage history
Apple,Fruit,3,1,16.08,6.26,27.72,2026-05-26,2026-06-04 00:00:00.000000,6,2.57,1,0.9970188,High,High wastage history
Fish,Meat,3,2,45.77,12.0,24.21,2026-05-29,2026-06-03 00:00:00.000000,5,3.81,0,0.016648248,Low,Within safe parameters
Mutton,Meat,0,1,33.87,9.06,24.22,2026-05-28,2026-05-31 00:00:00.000000,2,3.74,1,0.9438367,High,Expires soon
Butter,Dairy,2,2,25.5,1.6,19.77,2026-05-28,2026-06-03 00:00:00.000000,5,15.94,1,0.8800967,High,Overstocked
